channel,Tier,province,channel_sub,design_type,avg_at
keycity 大型综合商圈,T1,上海市,写字楼门店,标准店,42.30833333333333
keycity 大型综合商圈,T1,上海市,写字楼门店,高级标准店,44.333333333333336
keycity 大型综合商圈,T1,上海市,奢侈品商场,标准店,43.7
keycity 大型综合商圈,T1,上海市,旅游特色商业街,标准店,48.2
keycity 大型综合商圈,T1,上海市,独立性较强的景点，一般需购票进入,标准店,49.1
keycity 大型综合商圈,T1,上海市,购物中心,标准店,48.4
keycity 大型综合商圈,T1,上海市,餐饮/酒吧街,标准店,46.1
keycity 大型综合商圈,T1,北京市,写字楼门店,标准店,42.095
keycity 大型综合商圈,T1,北京市,办公-餐饮街,旗舰店,46.8
keycity 大型综合商圈,T1,北京市,办公-餐饮街,标准店,44.0375
keycity 大型综合商圈,T1,北京市,办公-餐饮街,臻选店,56.0
keycity 大型综合商圈,T1,北京市,办公-餐饮街,高级标准店,44.6
keycity 大型综合商圈,T1,北京市,奢侈品商场,标准店,43.2
keycity 大型综合商圈,T1,北京市,奢侈品商场,高级标准店,41.1
keycity 大型综合商圈,T1,北京市,电影院,标准店,49.4
keycity 大型综合商圈,T1,北京市,百货,标准店,42.225
keycity 大型综合商圈,T1,北京市,百货,高级标准店,42.1
keycity 大型综合商圈,T1,北京市,购物中心,标准店,38.53333333333333
keycity 大型综合商圈,T1,北京市,购物中心,高级标准店,46.0
keycity 大型综合商圈,T1,广东省,书店/图书馆等文化场所,标准店,39.2
keycity 大型综合商圈,T1,广东省,写字楼门店,标准店,41.916000000000004
keycity 大型综合商圈,T1,广东省,写字楼门店,高级标准店,45.5
keycity 大型综合商圈,T1,广东省,办公-餐饮街,标准店,41.56
keycity 大型综合商圈,T1,广东省,商业街,标准店,42.45
keycity 大型综合商圈,T1,广东省,服务社区的商区,标准店,40.175
keycity 大型综合商圈,T1,广东省,火车站,标准店,42.9
keycity 大型综合商圈,T1,广东省,购物中心,标准店,41.75
keycity 大型综合商圈,T1,广东省,购物中心,臻选店,43.9
keycity 大型综合商圈,T1,广东省,购物中心,高级标准店,43.36666666666667
keycity 大型综合商圈,T2,四川省,写字楼门店,标准店,41.36666666666667
keycity 大型综合商圈,T2,四川省,办公-餐饮街,标准店,41.56666666666667
keycity 大型综合商圈,T2,四川省,各类办公园区,标准店,41.3
keycity 大型综合商圈,T2,四川省,商业街,标准店,42.6
keycity 大型综合商圈,T2,四川省,购物中心,标准店,42.125
keycity 大型综合商圈,T2,天津市,书店/图书馆等文化场所,标准店,37.8
keycity 大型综合商圈,T2,天津市,写字楼门店,标准店,40.5
keycity 大型综合商圈,T2,天津市,奢侈品商场,标准店,44.9
keycity 大型综合商圈,T2,天津市,购物中心,标准店,41.7
keycity 大型综合商圈,T2,江苏省,书店/图书馆等文化场所,标准店,43.4
keycity 大型综合商圈,T2,江苏省,写字楼门店,标准店,44.111111111111114
keycity 大型综合商圈,T2,江苏省,剧院/音乐厅,高级标准店,43.4
keycity 大型综合商圈,T2,江苏省,办公-餐饮街,标准店,44.5
keycity 大型综合商圈,T2,江苏省,地铁,标准店,42.1
keycity 大型综合商圈,T2,江苏省,服务社区的商区,标准店,44.099999999999994
keycity 大型综合商圈,T2,江苏省,社区-商业中心,标准店,42.9
keycity 大型综合商圈,T2,江苏省,购物中心,旗舰店,46.6
keycity 大型综合商圈,T2,江苏省,购物中心,标准店,42.71666666666667
keycity 大型综合商圈,T2,江苏省,购物中心,臻选店,40.6
keycity 大型综合商圈,T2,江苏省,购物中心,高级标准店,38.9
keycity 大型综合商圈,T2,江苏省,超市/大卖场,标准店,38.6
keycity 大型综合商圈,T2,浙江省,写字楼门店,标准店,44.86666666666667
keycity 大型综合商圈,T2,浙江省,地铁,标准店,38.2
keycity 大型综合商圈,T2,浙江省,奢侈品商场,标准店,42.25
keycity 大型综合商圈,T2,浙江省,社区-商业中心,标准店,42.4
keycity 大型综合商圈,T2,浙江省,购物中心,高级标准店,42.0
keycity 大型综合商圈,T2,重庆市,写字楼门店,标准店,42.05
keycity 大型综合商圈,T2,重庆市,购物中心,标准店,43.400000000000006
keycity 大型综合商圈,T3,山东省,购物中心,标准店,46.5
交通枢纽,T1,上海市,各类办公园区,标准店,45.1
交通枢纽,T1,上海市,奥莱,标准店,40.9
交通枢纽,T1,上海市,机场,标准店,43.4125
交通枢纽,T1,上海市,火车站,标准店,41.833333333333336
交通枢纽,T1,北京市,机场,标准店,47.66818181818182
交通枢纽,T1,北京市,机场,高级标准店,47.3
交通枢纽,T1,北京市,火车站,标准店,42.575
交通枢纽,T1,广东省,服务社区的商区,标准店,43.9
交通枢纽,T1,广东省,机场,标准店,44.375
交通枢纽,T1,广东省,机场,高级标准店,47.8
交通枢纽,T1,广东省,火车站,标准店,41.416666666666664
交通枢纽,T1,广东省,购物中心,标准店,42.0
交通枢纽,T2,四川省,机场,标准店,46.075
交通枢纽,T2,四川省,火车站,标准店,39.3
交通枢纽,T2,天津市,机场,标准店,49.1
交通枢纽,T2,天津市,火车站,标准店,41.23333333333333
交通枢纽,T2,山东省,机场,标准店,45.15
交通枢纽,T2,山东省,机场,高级标准店,43.3
交通枢纽,T2,山东省,火车站,标准店,44.150000000000006
交通枢纽,T2,广东省,火车站,标准店,41.150000000000006
交通枢纽,T2,广东省,高速公路服务区,标准店,44.5
交通枢纽,T2,江苏省,写字楼门店,标准店,56.7
交通枢纽,T2,江苏省,服务社区的商区,标准店,48.6
交通枢纽,T2,江苏省,机场,标准店,42.06666666666667
交通枢纽,T2,江苏省,火车站,标准店,40.18333333333333
交通枢纽,T2,江苏省,购物中心,标准店,46.775000000000006
交通枢纽,T2,江苏省,高速公路服务区,标准店,44.1
交通枢纽,T2,浙江省,机场,标准店,42.4625
交通枢纽,T2,浙江省,火车站,标准店,40.65714285714286
交通枢纽,T2,浙江省,高速公路服务区,标准店,44.8
交通枢纽,T2,湖北省,机场,标准店,41.5
交通枢纽,T2,湖北省,火车站,标准店,41.56666666666667
交通枢纽,T2,湖南省,机场,标准店,44.0
交通枢纽,T2,湖南省,火车站,标准店,38.25
交通枢纽,T2,福建省,机场,标准店,42.099999999999994
交通枢纽,T2,福建省,火车站,标准店,41.8
交通枢纽,T2,辽宁省,机场,标准店,43.45
交通枢纽,T2,辽宁省,火车站,标准店,42.0
交通枢纽,T2,重庆市,机场,标准店,44.5
交通枢纽,T2,重庆市,火车站,标准店,40.8
交通枢纽,T2,陕西省,机场,标准店,42.54
交通枢纽,T2,陕西省,火车站,标准店,40.1
交通枢纽,T3,云南省,机场,标准店,43.78
交通枢纽,T3,云南省,火车站,标准店,43.0
交通枢纽,T3,吉林省,机场,标准店,45.4
交通枢纽,T3,吉林省,火车站,标准店,41.75
交通枢纽,T3,安徽省,高速公路服务区,标准店,45.05
交通枢纽,T3,山东省,机场,标准店,45.075
交通枢纽,T3,山东省,火车站,标准店,42.199999999999996
交通枢纽,T3,山西省,机场,标准店,41.5
交通枢纽,T3,广东省,机场,标准店,41.0
交通枢纽,T3,广东省,高速公路服务区,标准店,45.1
交通枢纽,T3,广西自治区,机场,标准店,41.9
交通枢纽,T3,广西自治区,火车站,标准店,38.4
交通枢纽,T3,江苏省,写字楼门店,标准店,43.3
交通枢纽,T3,江苏省,机场,标准店,41.46666666666667
交通枢纽,T3,江苏省,火车站,标准店,39.0
交通枢纽,T3,江苏省,高速公路服务区,标准店,45.88
交通枢纽,T3,江西省,火车站,标准店,40.5
交通枢纽,T3,河北省,机场,标准店,45.3
交通枢纽,T3,河北省,火车站,标准店,41.5
交通枢纽,T3,河南省,机场,标准店,42.575
交通枢纽,T3,河南省,火车站,标准店,40.85
交通枢纽,T3,浙江省,机场,标准店,43.849999999999994
交通枢纽,T3,浙江省,火车站,标准店,43.5
交通枢纽,T3,浙江省,高速公路服务区,标准店,46.21666666666667
交通枢纽,T3,甘肃省,火车站,标准店,41.7
交通枢纽,T3,福建省,机场,标准店,41.75
交通枢纽,T3,福建省,火车站,标准店,40.0
交通枢纽,T3,福建省,高速公路服务区,标准店,49.03333333333333
交通枢纽,T3,贵州省,机场,标准店,41.15
交通枢纽,T3,贵州省,火车站,标准店,42.5
交通枢纽,T3,辽宁省,机场,标准店,42.4
交通枢纽,T3,辽宁省,火车站,标准店,42.05
交通枢纽,T3,黑龙江省,机场,标准店,42.4
交通枢纽,T4,内蒙古自治,机场,标准店,42.599999999999994
交通枢纽,T4,四川省,机场,标准店,39.8
交通枢纽,T4,宁夏自治区,机场,标准店,44.7
交通枢纽,T4,山东省,机场,标准店,41.9
交通枢纽,T4,山东省,火车站,标准店,43.93333333333334
交通枢纽,T4,广东省,火车站,标准店,39.2
交通枢纽,T4,广东省,高速公路服务区,标准店,45.65
交通枢纽,T4,广西自治区,火车站,标准店,37.2
交通枢纽,T4,江苏省,火车站,标准店,44.8
交通枢纽,T4,江苏省,高速公路服务区,标准店,44.55
交通枢纽,T4,浙江省,机场,标准店,39.6
交通枢纽,T4,浙江省,高速公路服务区,标准店,42.4
交通枢纽,T4,海南省,机场,标准店,42.1
交通枢纽,T4,福建省,火车站,标准店,42.4
交通枢纽,T5,内蒙古自治,机场,标准店,39.2
交通枢纽,T5,四川省,高速公路服务区,标准店,51.0
住宅,T1,上海市,写字楼门店,标准店,43.214285714285715
住宅,T1,上海市,办公-餐饮街,标准店,41.2
住宅,T1,上海市,医院,标准店,47.86666666666667
住宅,T1,上海市,各类办公园区,标准店,42.81428571428571
住宅,T1,上海市,旅游特色商业街,标准店,45.9
住宅,T1,上海市,服务社区的商区,标准店,44.32105263157895
住宅,T1,上海市,社区-商业中心,标准店,43.58461538461539
住宅,T1,上海市,街铺,标准店,44.150000000000006
住宅,T1,上海市,超市/大卖场,标准店,43.05
住宅,T1,上海市,酒店,标准店,44.55
住宅,T1,北京市,专业市场,标准店,48.3
住宅,T1,北京市,企业总部,标准店,46.1
住宅,T1,北京市,写字楼门店,标准店,47.12
住宅,T1,北京市,办公-餐饮街,标准店,46.059999999999995
住宅,T1,北京市,各类办公园区,标准店,48.4
住宅,T1,北京市,商业街,标准店,47.1
住宅,T1,北京市,大学,标准店,37.5
住宅,T1,北京市,服务社区的商区,标准店,45.63181818181818
住宅,T1,北京市,百货,标准店,42.75
住宅,T1,北京市,社区-商业中心,标准店,46.76666666666667
住宅,T1,北京市,购物中心,标准店,44.775
住宅,T1,北京市,超市/大卖场,标准店,45.95
住宅,T1,广东省,专业市场,标准店,40.7
住宅,T1,广东省,写字楼门店,标准店,37.9
住宅,T1,广东省,剧院/音乐厅,高级标准店,42.5
住宅,T1,广东省,办公-餐饮街,标准店,40.3
住宅,T1,广东省,商业街,标准店,42.2
住宅,T1,广东省,服务社区的商区,标准店,39.153333333333336
住宅,T1,广东省,社区-商业中心,标准店,41.06
住宅,T1,广东省,购物中心,标准店,43.5
住宅,T1,广东省,超市/大卖场,标准店,46.8
住宅,T1,广东省,餐饮/酒吧街,标准店,41.0
住宅,T2,四川省,商业街,标准店,44.8
住宅,T2,四川省,服务社区的商区,标准店,42.15217391304348
住宅,T2,四川省,服务社区的商区,高级标准店,43.9
住宅,T2,四川省,购物中心,标准店,43.9
住宅,T2,天津市,写字楼门店,标准店,42.9
住宅,T2,天津市,服务社区的商区,标准店,44.971428571428575
住宅,T2,天津市,购物中心,标准店,46.03333333333333
住宅,T2,山东省,服务社区的商区,标准店,46.3
住宅,T2,广东省,商业街,标准店,39.0
住宅,T2,广东省,服务社区的商区,标准店,42.166666666666664
住宅,T2,江苏省,写字楼门店,标准店,45.325
住宅,T2,江苏省,医院,标准店,39.3
住宅,T2,江苏省,商业街,标准店,48.01666666666667
住宅,T2,江苏省,大学,标准店,43.0
住宅,T2,江苏省,奥莱,标准店,47.833333333333336
住宅,T2,江苏省,旅游特色商业街,标准店,46.65
住宅,T2,江苏省,服务社区的商区,标准店,46.96875
住宅,T2,江苏省,社区-商业中心,标准店,45.697560975609754
住宅,T2,江苏省,购物中心,标准店,43.2875
住宅,T2,江苏省,超市/大卖场,标准店,44.34285714285714
住宅,T2,江苏省,餐饮/酒吧街,标准店,46.75
住宅,T2,浙江省,书店/图书馆等文化场所,标准店,43.4
住宅,T2,浙江省,写字楼门店,标准店,43.04375
住宅,T2,浙江省,办公-餐饮街,标准店,41.65
住宅,T2,浙江省,商业街,标准店,47.9
住宅,T2,浙江省,奥莱,标准店,49.7
住宅,T2,浙江省,服务社区的商区,标准店,43.775862068965516
住宅,T2,浙江省,社区-商业中心,标准店,44.714814814814815
住宅,T2,浙江省,购物中心,标准店,43.4625
住宅,T2,湖北省,服务社区的商区,标准店,43.01428571428571
住宅,T2,湖南省,服务社区的商区,标准店,40.95
住宅,T2,湖南省,社区-商业中心,标准店,42.5
住宅,T2,湖南省,购物中心,标准店,43.35
住宅,T2,湖南省,餐饮/酒吧街,标准店,43.3
住宅,T2,福建省,办公-餐饮街,标准店,43.0
住宅,T2,福建省,服务社区的商区,标准店,41.7
住宅,T2,福建省,社区-商业中心,标准店,41.45
住宅,T2,福建省,餐饮/酒吧街,标准店,44.1
住宅,T2,辽宁省,服务社区的商区,标准店,44.43333333333334
住宅,T2,重庆市,服务社区的商区,标准店,45.57142857142857
住宅,T2,陕西省,服务社区的商区,标准店,43.475
住宅,T3,吉林省,服务社区的商区,标准店,44.9
住宅,T3,安徽省,服务社区的商区,标准店,43.5
住宅,T3,山东省,写字楼门店,标准店,
住宅,T3,广东省,商业街,标准店,41.1
住宅,T3,广东省,服务社区的商区,标准店,41.1
住宅,T3,广东省,社区-商业中心,标准店,45.1
住宅,T3,广东省,超市/大卖场,标准店,40.0
住宅,T3,广西自治区,社区-商业中心,标准店,39.650000000000006
住宅,T3,江苏省,写字楼门店,标准店,46.8
住宅,T3,江苏省,医院,标准店,45.35
住宅,T3,江苏省,服务社区的商区,标准店,48.2
住宅,T3,江苏省,社区-商业中心,标准店,47.839999999999996
住宅,T3,江苏省,购物中心,标准店,50.2
住宅,T3,江西省,购物中心,标准店,45.0
住宅,T3,河北省,写字楼门店,标准店,47.2
住宅,T3,河北省,商业街,标准店,47.0
住宅,T3,河北省,购物中心,标准店,47.0
住宅,T3,河南省,服务社区的商区,标准店,43.3
住宅,T3,浙江省,专业市场,标准店,45.9
住宅,T3,浙江省,写字楼门店,标准店,41.3
住宅,T3,浙江省,服务社区的商区,标准店,42.1
住宅,T3,浙江省,独立性较强的景点，一般需购票进入,标准店,48.5
住宅,T3,浙江省,社区-商业中心,标准店,43.48888888888889
住宅,T3,浙江省,购物中心,标准店,41.6
住宅,T3,福建省,写字楼门店,标准店,42.8
住宅,T3,福建省,服务社区的商区,标准店,41.5
住宅,T3,福建省,社区-商业中心,标准店,41.628571428571426
住宅,T3,福建省,购物中心,标准店,41.7
住宅,T3,贵州省,服务社区的商区,标准店,45.15
住宅,T3,辽宁省,服务社区的商区,标准店,43.650000000000006
住宅,T4,安徽省,服务社区的商区,标准店,43.2
住宅,T4,安徽省,购物中心,标准店,46.55
住宅,T4,广东省,购物中心,标准店,39.8
住宅,T4,江苏省,商业街,标准店,47.3
住宅,T4,江苏省,旅游特色商业街,标准店,48.15
住宅,T4,江苏省,服务社区的商区,标准店,43.0
住宅,T4,江苏省,社区-商业中心,标准店,46.25714285714286
住宅,T4,江苏省,购物中心,标准店,44.225
住宅,T4,江苏省,超市/大卖场,标准店,47.4
住宅,T4,河北省,百货,标准店,44.0
住宅,T4,河北省,社区-商业中心,标准店,
住宅,T4,河北省,购物中心,标准店,46.9
住宅,T4,浙江省,服务社区的商区,标准店,42.55
住宅,T4,浙江省,社区-商业中心,标准店,39.2
住宅,T4,浙江省,购物中心,标准店,44.2
住宅,T4,海南省,写字楼门店,标准店,41.0
住宅,T4,海南省,服务社区的商区,标准店,43.1
住宅,T4,海南省,社区-商业中心,标准店,43.0
住宅,T4,福建省,社区-商业中心,标准店,43.2
住宅,T5,安徽省,街铺,标准店,45.6
住宅,T5,安徽省,购物中心,标准店,44.5
住宅,T5,广东省,服务社区的商区,标准店,42.2
住宅,T5,河北省,购物中心,标准店,48.3
住宅,T5,浙江省,服务社区的商区,标准店,40.1
办公商圈（写字楼、园区）,T1,上海市,专业市场,标准店,46.0
办公商圈（写字楼、园区）,T1,上海市,书店/图书馆等文化场所,标准店,40.3
办公商圈（写字楼、园区）,T1,上海市,企业总部,标准店,43.38461538461539
办公商圈（写字楼、园区）,T1,上海市,写字楼门店,标准店,44.03106796116505
办公商圈（写字楼、园区）,T1,上海市,办公-餐饮街,标准店,44.975
办公商圈（写字楼、园区）,T1,上海市,医院,标准店,59.4
办公商圈（写字楼、园区）,T1,上海市,各类办公园区,标准店,46.42658227848101
办公商圈（写字楼、园区）,T1,上海市,各类办公园区,高级标准店,42.6
办公商圈（写字楼、园区）,T1,上海市,商业街,标准店,43.5
办公商圈（写字楼、园区）,T1,上海市,奢侈品商场,标准店,39.0
办公商圈（写字楼、园区）,T1,上海市,奥莱,标准店,43.699999999999996
办公商圈（写字楼、园区）,T1,上海市,百货,标准店,39.8
办公商圈（写字楼、园区）,T1,上海市,社区-商业中心,标准店,46.60909090909092
办公商圈（写字楼、园区）,T1,上海市,街铺,标准店,42.25
办公商圈（写字楼、园区）,T1,上海市,购物中心,标准店,42.58571428571429
办公商圈（写字楼、园区）,T1,上海市,购物中心,高级标准店,46.349999999999994
办公商圈（写字楼、园区）,T1,上海市,超市/大卖场,标准店,45.85
办公商圈（写字楼、园区）,T1,上海市,餐饮/酒吧街,标准店,42.9
办公商圈（写字楼、园区）,T1,北京市,专业市场,标准店,50.3
办公商圈（写字楼、园区）,T1,北京市,企业总部,标准店,47.621428571428574
办公商圈（写字楼、园区）,T1,北京市,企业总部-内部,标准店,43.45
办公商圈（写字楼、园区）,T1,北京市,写字楼门店,标准店,43.78901098901099
办公商圈（写字楼、园区）,T1,北京市,办公-餐饮街,标准店,46.04666666666667
办公商圈（写字楼、园区）,T1,北京市,办公-餐饮街,高级标准店,43.8
办公商圈（写字楼、园区）,T1,北京市,医院,标准店,39.8
办公商圈（写字楼、园区）,T1,北京市,各类办公园区,标准店,46.72727272727273
办公商圈（写字楼、园区）,T1,北京市,奢侈品商场,标准店,44.7
办公商圈（写字楼、园区）,T1,北京市,服务社区的商区,标准店,45.23333333333333
办公商圈（写字楼、园区）,T1,北京市,百货,标准店,44.800000000000004
办公商圈（写字楼、园区）,T1,北京市,社区-商业中心,标准店,45.05
办公商圈（写字楼、园区）,T1,北京市,购物中心,标准店,43.83846153846154
办公商圈（写字楼、园区）,T1,北京市,超市/大卖场,标准店,42.2
办公商圈（写字楼、园区）,T1,广东省,企业总部,标准店,40.95
办公商圈（写字楼、园区）,T1,广东省,写字楼门店,标准店,42.70238095238095
办公商圈（写字楼、园区）,T1,广东省,办公-餐饮街,标准店,43.85333333333333
办公商圈（写字楼、园区）,T1,广东省,办公-餐饮街,高级标准店,42.3
办公商圈（写字楼、园区）,T1,广东省,各类办公园区,标准店,45.65
办公商圈（写字楼、园区）,T1,广东省,商业街,标准店,42.3
办公商圈（写字楼、园区）,T1,广东省,百货,标准店,45.1
办公商圈（写字楼、园区）,T1,广东省,社区-商业中心,标准店,42.349999999999994
办公商圈（写字楼、园区）,T1,广东省,购物中心,标准店,43.32857142857143
办公商圈（写字楼、园区）,T1,广东省,购物中心,高级标准店,42.5
办公商圈（写字楼、园区）,T1,广东省,超市/大卖场,标准店,42.7
办公商圈（写字楼、园区）,T2,四川省,企业总部,标准店,39.35
办公商圈（写字楼、园区）,T2,四川省,写字楼门店,标准店,43.900000000000006
办公商圈（写字楼、园区）,T2,四川省,办公-餐饮街,标准店,44.760000000000005
办公商圈（写字楼、园区）,T2,四川省,各类办公园区,标准店,44.82
办公商圈（写字楼、园区）,T2,天津市,写字楼门店,标准店,46.278571428571425
办公商圈（写字楼、园区）,T2,天津市,旅游特色商业街,标准店,48.4
办公商圈（写字楼、园区）,T2,天津市,超市/大卖场,标准店,44.8
办公商圈（写字楼、园区）,T2,山东省,企业总部,标准店,42.6
办公商圈（写字楼、园区）,T2,山东省,写字楼门店,标准店,43.86666666666667
办公商圈（写字楼、园区）,T2,山东省,写字楼门店,高级标准店,50.6
办公商圈（写字楼、园区）,T2,山东省,办公-餐饮街,标准店,45.8
办公商圈（写字楼、园区）,T2,山东省,各类办公园区,标准店,51.93333333333334
办公商圈（写字楼、园区）,T2,山东省,购物中心,标准店,43.55
办公商圈（写字楼、园区）,T2,广东省,企业总部,标准店,45.0
办公商圈（写字楼、园区）,T2,广东省,写字楼门店,标准店,44.6
办公商圈（写字楼、园区）,T2,广东省,办公-餐饮街,标准店,43.35
办公商圈（写字楼、园区）,T2,江苏省,书店/图书馆等文化场所,标准店,40.95
办公商圈（写字楼、园区）,T2,江苏省,企业总部,标准店,42.833333333333336
办公商圈（写字楼、园区）,T2,江苏省,写字楼门店,标准店,44.86
办公商圈（写字楼、园区）,T2,江苏省,办公-餐饮街,标准店,44.26666666666667
办公商圈（写字楼、园区）,T2,江苏省,各类办公园区,标准店,46.455555555555556
办公商圈（写字楼、园区）,T2,江苏省,商业街,标准店,51.3
办公商圈（写字楼、园区）,T2,江苏省,大学,标准店,41.833333333333336
办公商圈（写字楼、园区）,T2,江苏省,奥莱,标准店,46.85
办公商圈（写字楼、园区）,T2,江苏省,服务社区的商区,标准店,41.8
办公商圈（写字楼、园区）,T2,江苏省,火车站,标准店,41.6
办公商圈（写字楼、园区）,T2,江苏省,社区-商业中心,标准店,45.142857142857146
办公商圈（写字楼、园区）,T2,江苏省,购物中心,标准店,46.96666666666667
办公商圈（写字楼、园区）,T2,浙江省,书店/图书馆等文化场所,标准店,42.650000000000006
办公商圈（写字楼、园区）,T2,浙江省,企业总部,标准店,42.61764705882353
办公商圈（写字楼、园区）,T2,浙江省,写字楼门店,标准店,44.05862068965517
办公商圈（写字楼、园区）,T2,浙江省,办公-餐饮街,标准店,44.11818181818182
办公商圈（写字楼、园区）,T2,浙江省,医院,标准店,44.5
办公商圈（写字楼、园区）,T2,浙江省,各类办公园区,标准店,44.87777777777777
办公商圈（写字楼、园区）,T2,浙江省,服务社区的商区,标准店,45.125
办公商圈（写字楼、园区）,T2,浙江省,独立性较强的景点，一般需购票进入,标准店,49.7
办公商圈（写字楼、园区）,T2,浙江省,社区-商业中心,标准店,44.4
办公商圈（写字楼、园区）,T2,浙江省,购物中心,标准店,45.175
办公商圈（写字楼、园区）,T2,浙江省,购物中心,高级标准店,42.95
办公商圈（写字楼、园区）,T2,湖北省,写字楼门店,标准店,44.38666666666666
办公商圈（写字楼、园区）,T2,湖北省,办公-餐饮街,标准店,44.76666666666667
办公商圈（写字楼、园区）,T2,湖北省,各类办公园区,标准店,44.666666666666664
办公商圈（写字楼、园区）,T2,湖北省,购物中心,标准店,43.3
办公商圈（写字楼、园区）,T2,湖南省,写字楼门店,标准店,45.3
办公商圈（写字楼、园区）,T2,湖南省,各类办公园区,标准店,45.3
办公商圈（写字楼、园区）,T2,福建省,写字楼门店,标准店,43.26666666666667
办公商圈（写字楼、园区）,T2,福建省,办公-餐饮街,标准店,43.857142857142854
办公商圈（写字楼、园区）,T2,福建省,医院,标准店,43.9
办公商圈（写字楼、园区）,T2,福建省,服务社区的商区,标准店,43.7
办公商圈（写字楼、园区）,T2,福建省,社区-商业中心,标准店,42.0
办公商圈（写字楼、园区）,T2,辽宁省,写字楼门店,标准店,46.2
办公商圈（写字楼、园区）,T2,辽宁省,办公-餐饮街,标准店,47.349999999999994
办公商圈（写字楼、园区）,T2,辽宁省,各类办公园区,标准店,47.4
办公商圈（写字楼、园区）,T2,辽宁省,购物中心,标准店,48.5
办公商圈（写字楼、园区）,T2,重庆市,办公-餐饮街,标准店,44.18333333333334
办公商圈（写字楼、园区）,T2,重庆市,各类办公园区,标准店,43.833333333333336
办公商圈（写字楼、园区）,T2,重庆市,餐饮/酒吧街,标准店,52.0
办公商圈（写字楼、园区）,T2,陕西省,写字楼门店,标准店,46.15833333333333
办公商圈（写字楼、园区）,T2,陕西省,写字楼门店,高级标准店,47.9
办公商圈（写字楼、园区）,T2,陕西省,办公-餐饮街,标准店,43.25
办公商圈（写字楼、园区）,T2,陕西省,各类办公园区,标准店,46.800000000000004
办公商圈（写字楼、园区）,T2,陕西省,购物中心,标准店,45.7
办公商圈（写字楼、园区）,T3,云南省,写字楼门店,标准店,40.3
办公商圈（写字楼、园区）,T3,吉林省,购物中心,标准店,46.1
办公商圈（写字楼、园区）,T3,安徽省,企业总部,标准店,58.9
办公商圈（写字楼、园区）,T3,安徽省,写字楼门店,标准店,45.0
办公商圈（写字楼、园区）,T3,安徽省,办公-餐饮街,标准店,43.150000000000006
办公商圈（写字楼、园区）,T3,山东省,企业总部,标准店,46.1
办公商圈（写字楼、园区）,T3,山东省,写字楼门店,标准店,46.2
办公商圈（写字楼、园区）,T3,山东省,办公-餐饮街,标准店,27.9
办公商圈（写字楼、园区）,T3,山东省,各类办公园区,标准店,46.9
办公商圈（写字楼、园区）,T3,广东省,写字楼门店,标准店,40.25
办公商圈（写字楼、园区）,T3,广东省,办公-餐饮街,标准店,44.95
办公商圈（写字楼、园区）,T3,广东省,社区-商业中心,标准店,43.1
办公商圈（写字楼、园区）,T3,广西自治区,写字楼门店,标准店,43.63333333333333
办公商圈（写字楼、园区）,T3,广西自治区,百货,标准店,41.3
办公商圈（写字楼、园区）,T3,广西自治区,购物中心,标准店,42.6
办公商圈（写字楼、园区）,T3,江苏省,书店/图书馆等文化场所,标准店,43.5
办公商圈（写字楼、园区）,T3,江苏省,写字楼门店,标准店,47.0
办公商圈（写字楼、园区）,T3,江苏省,办公-餐饮街,标准店,43.0
办公商圈（写字楼、园区）,T3,江苏省,各类办公园区,标准店,42.8
办公商圈（写字楼、园区）,T3,江苏省,大学,标准店,40.1
办公商圈（写字楼、园区）,T3,江苏省,百货,标准店,44.7
办公商圈（写字楼、园区）,T3,江苏省,社区-商业中心,标准店,46.1
办公商圈（写字楼、园区）,T3,江苏省,购物中心,标准店,45.5
办公商圈（写字楼、园区）,T3,江西省,写字楼门店,标准店,47.1
办公商圈（写字楼、园区）,T3,河北省,各类办公园区,标准店,52.5
办公商圈（写字楼、园区）,T3,河南省,写字楼门店,标准店,47.150000000000006
办公商圈（写字楼、园区）,T3,河南省,办公-餐饮街,标准店,47.849999999999994
办公商圈（写字楼、园区）,T3,浙江省,写字楼门店,标准店,42.95
办公商圈（写字楼、园区）,T3,浙江省,办公-餐饮街,标准店,42.025
办公商圈（写字楼、园区）,T3,浙江省,购物中心,标准店,43.166666666666664
办公商圈（写字楼、园区）,T3,福建省,写字楼门店,标准店,41.7
办公商圈（写字楼、园区）,T3,福建省,办公-餐饮街,标准店,43.05
办公商圈（写字楼、园区）,T3,福建省,各类办公园区,标准店,39.1
办公商圈（写字楼、园区）,T3,辽宁省,写字楼门店,标准店,47.55
办公商圈（写字楼、园区）,T3,辽宁省,办公-餐饮街,标准店,45.7
办公商圈（写字楼、园区）,T3,辽宁省,各类办公园区,标准店,45.7
办公商圈（写字楼、园区）,T3,辽宁省,奢侈品商场,标准店,45.2
办公商圈（写字楼、园区）,T3,辽宁省,百货,标准店,49.1
办公商圈（写字楼、园区）,T4,江苏省,书店/图书馆等文化场所,标准店,47.1
办公商圈（写字楼、园区）,T4,江苏省,写字楼门店,标准店,47.55
办公商圈（写字楼、园区）,T4,江苏省,办公-餐饮街,标准店,45.9
办公商圈（写字楼、园区）,T4,江苏省,商业街,标准店,52.4
办公商圈（写字楼、园区）,T4,江苏省,购物中心,标准店,45.25
办公商圈（写字楼、园区）,T4,江苏省,餐饮/酒吧街,标准店,45.8
办公商圈（写字楼、园区）,T4,浙江省,写字楼门店,标准店,42.4
办公商圈（写字楼、园区）,T4,浙江省,社区-商业中心,标准店,42.9
办公商圈（写字楼、园区）,T4,海南省,各类办公园区,标准店,46.4
区域级商业区,T1,上海市,写字楼门店,标准店,43.114999999999995
区域级商业区,T1,上海市,剧院/音乐厅,标准店,42.3
区域级商业区,T1,上海市,办公-餐饮街,标准店,40.8
区域级商业区,T1,上海市,医院,标准店,38.3
区域级商业区,T1,上海市,各类办公园区,标准店,43.9
区域级商业区,T1,上海市,商业街,标准店,44.7
区域级商业区,T1,上海市,商业街,高级标准店,43.6
区域级商业区,T1,上海市,奥莱,标准店,47.7
区域级商业区,T1,上海市,旅游特色商业街,标准店,45.3
区域级商业区,T1,上海市,服务社区的商区,标准店,44.0
区域级商业区,T1,上海市,电影院,标准店,38.8
区域级商业区,T1,上海市,百货,标准店,44.775
区域级商业区,T1,上海市,社区-商业中心,标准店,43.37
区域级商业区,T1,上海市,街铺,标准店,42.900000000000006
区域级商业区,T1,上海市,购物中心,标准店,42.118
区域级商业区,T1,上海市,购物中心,臻选店,57.55
区域级商业区,T1,上海市,购物中心,高级标准店,43.225
区域级商业区,T1,上海市,超市/大卖场,标准店,44.0
区域级商业区,T1,上海市,酒店,标准店,45.2
区域级商业区,T1,北京市,写字楼门店,标准店,45.542857142857144
区域级商业区,T1,北京市,办公-餐饮街,标准店,42.3
区域级商业区,T1,北京市,各类办公园区,标准店,45.9
区域级商业区,T1,北京市,奢侈品商场,标准店,44.0
区域级商业区,T1,北京市,奥莱,标准店,43.675
区域级商业区,T1,北京市,百货,标准店,45.05714285714286
区域级商业区,T1,北京市,购物中心,标准店,43.14
区域级商业区,T1,北京市,购物中心,高级标准店,42.483333333333334
区域级商业区,T1,广东省,书店/图书馆等文化场所,标准店,40.5
区域级商业区,T1,广东省,写字楼门店,标准店,41.58
区域级商业区,T1,广东省,办公-餐饮街,标准店,42.7
区域级商业区,T1,广东省,商业街,标准店,41.6
区域级商业区,T1,广东省,奢侈品商场,标准店,43.7
区域级商业区,T1,广东省,奢侈品商场,臻选店,71.3
区域级商业区,T1,广东省,奥莱,标准店,44.8
区域级商业区,T1,广东省,百货,标准店,40.93333333333333
区域级商业区,T1,广东省,购物中心,标准店,40.910000000000004
区域级商业区,T1,广东省,购物中心,臻选店,46.6
区域级商业区,T1,广东省,购物中心,高级标准店,40.0
区域级商业区,T2,四川省,办公-餐饮街,标准店,41.2
区域级商业区,T2,四川省,商业街,标准店,48.8
区域级商业区,T2,四川省,奥莱,标准店,43.800000000000004
区域级商业区,T2,四川省,火车站,标准店,39.3
区域级商业区,T2,四川省,购物中心,标准店,42.90909090909091
区域级商业区,T2,四川省,购物中心,臻选店,63.4
区域级商业区,T2,四川省,购物中心,高级标准店,43.25
区域级商业区,T2,天津市,写字楼门店,标准店,42.900000000000006
区域级商业区,T2,天津市,商业街,标准店,51.1
区域级商业区,T2,天津市,奢侈品商场,标准店,43.8
区域级商业区,T2,天津市,奥莱,标准店,46.92
区域级商业区,T2,天津市,百货,标准店,44.4
区域级商业区,T2,天津市,购物中心,标准店,43.20344827586207
区域级商业区,T2,天津市,购物中心,臻选店,43.0
区域级商业区,T2,天津市,购物中心,高级标准店,43.4
区域级商业区,T2,山东省,奥莱,标准店,47.3
区域级商业区,T2,山东省,电影院,标准店,39.5
区域级商业区,T2,山东省,购物中心,标准店,44.080000000000005
区域级商业区,T2,山东省,购物中心,高级标准店,44.55
区域级商业区,T2,广东省,写字楼门店,标准店,39.63333333333333
区域级商业区,T2,广东省,办公-餐饮街,标准店,39.1
区域级商业区,T2,广东省,商业街,标准店,39.95
区域级商业区,T2,广东省,服务社区的商区,标准店,39.8
区域级商业区,T2,广东省,购物中心,标准店,43.375
区域级商业区,T2,广东省,购物中心,高级标准店,44.8
区域级商业区,T2,广东省,餐饮/酒吧街,标准店,38.7
区域级商业区,T2,江苏省,专业市场,标准店,42.5
区域级商业区,T2,江苏省,写字楼门店,标准店,44.05384615384616
区域级商业区,T2,江苏省,办公-餐饮街,标准店,45.23333333333333
区域级商业区,T2,江苏省,医院,标准店,48.7
区域级商业区,T2,江苏省,商业街,标准店,44.128571428571426
区域级商业区,T2,江苏省,商业街,高级标准店,41.3
区域级商业区,T2,江苏省,大学,标准店,43.3
区域级商业区,T2,江苏省,奥莱,标准店,43.875
区域级商业区,T2,江苏省,旅游特色商业街,标准店,47.13333333333333
区域级商业区,T2,江苏省,旅游特色商业街,高级标准店,46.9
区域级商业区,T2,江苏省,服务社区的商区,标准店,44.21666666666667
区域级商业区,T2,江苏省,火车站,标准店,38.8
区域级商业区,T2,江苏省,百货,标准店,44.56666666666666
区域级商业区,T2,江苏省,百货,高级标准店,41.1
区域级商业区,T2,江苏省,社区-商业中心,标准店,43.253571428571426
区域级商业区,T2,江苏省,街铺,标准店,43.54
区域级商业区,T2,江苏省,购物中心,标准店,42.575362318840575
区域级商业区,T2,江苏省,购物中心,高级标准店,43.2
区域级商业区,T2,江苏省,超市/大卖场,标准店,43.6
区域级商业区,T2,江苏省,餐饮/酒吧街,标准店,43.9
区域级商业区,T2,浙江省,书店/图书馆等文化场所,标准店,43.3
区域级商业区,T2,浙江省,写字楼门店,标准店,44.335
区域级商业区,T2,浙江省,办公-餐饮街,标准店,42.150000000000006
区域级商业区,T2,浙江省,医院,标准店,42.599999999999994
区域级商业区,T2,浙江省,地铁,标准店,46.7
区域级商业区,T2,浙江省,奥莱,标准店,42.4
区域级商业区,T2,浙江省,旅游特色商业街,高级标准店,42.6
区域级商业区,T2,浙江省,服务社区的商区,标准店,43.2875
区域级商业区,T2,浙江省,百货,标准店,42.3
区域级商业区,T2,浙江省,社区-商业中心,标准店,43.93076923076923
区域级商业区,T2,浙江省,街铺,标准店,43.1
区域级商业区,T2,浙江省,购物中心,标准店,42.22
区域级商业区,T2,浙江省,购物中心,高级标准店,41.074999999999996
区域级商业区,T2,湖北省,写字楼门店,标准店,48.2
区域级商业区,T2,湖北省,奥莱,标准店,44.2
区域级商业区,T2,湖北省,百货,标准店,43.22
区域级商业区,T2,湖北省,百货,高级标准店,42.0
区域级商业区,T2,湖北省,购物中心,标准店,42.67142857142857
区域级商业区,T2,湖北省,购物中心,臻选店,54.4
区域级商业区,T2,湖北省,购物中心,高级标准店,46.9
区域级商业区,T2,湖南省,商业街,标准店,45.8
区域级商业区,T2,湖南省,购物中心,标准店,43.371428571428574
区域级商业区,T2,湖南省,购物中心,高级标准店,44.35
区域级商业区,T2,福建省,写字楼门店,标准店,39.9
区域级商业区,T2,福建省,奢侈品商场,标准店,41.7
区域级商业区,T2,福建省,奢侈品商场,高级标准店,44.5
区域级商业区,T2,福建省,社区-商业中心,标准店,41.85
区域级商业区,T2,福建省,购物中心,标准店,43.25714285714286
区域级商业区,T2,福建省,购物中心,高级标准店,43.0
区域级商业区,T2,福建省,超市/大卖场,标准店,40.4
区域级商业区,T2,辽宁省,奢侈品商场,标准店,43.06666666666666
区域级商业区,T2,辽宁省,奥莱,标准店,43.666666666666664
区域级商业区,T2,辽宁省,购物中心,标准店,43.35
区域级商业区,T2,辽宁省,购物中心,臻选店,44.7
区域级商业区,T2,辽宁省,购物中心,高级标准店,42.5
区域级商业区,T2,重庆市,奥莱,标准店,44.0
区域级商业区,T2,重庆市,百货,标准店,42.5
区域级商业区,T2,重庆市,购物中心,标准店,43.12571428571429
区域级商业区,T2,重庆市,购物中心,臻选店,55.5
区域级商业区,T2,重庆市,购物中心,高级标准店,42.5
区域级商业区,T2,陕西省,写字楼门店,标准店,43.1
区域级商业区,T2,陕西省,商业街,标准店,42.9
区域级商业区,T2,陕西省,百货,标准店,45.0
区域级商业区,T2,陕西省,购物中心,标准店,44.58
区域级商业区,T2,陕西省,购物中心,高级标准店,45.6
区域级商业区,T3,云南省,购物中心,标准店,45.800000000000004
区域级商业区,T3,云南省,购物中心,高级标准店,45.5
区域级商业区,T3,吉林省,购物中心,标准店,43.56
区域级商业区,T3,安徽省,各类办公园区,标准店,47.5
区域级商业区,T3,安徽省,奥莱,标准店,44.8
区域级商业区,T3,安徽省,社区-商业中心,标准店,44.0
区域级商业区,T3,安徽省,购物中心,标准店,42.74166666666667
区域级商业区,T3,安徽省,购物中心,高级标准店,43.6
区域级商业区,T3,山东省,奥莱,标准店,45.75
区域级商业区,T3,山东省,百货,标准店,44.3
区域级商业区,T3,山东省,购物中心,标准店,44.36538461538461
区域级商业区,T3,山东省,购物中心,高级标准店,44.0
区域级商业区,T3,山西省,奢侈品商场,标准店,47.0
区域级商业区,T3,山西省,百货,标准店,43.9
区域级商业区,T3,山西省,购物中心,标准店,46.675
区域级商业区,T3,广东省,商业街,标准店,42.2
区域级商业区,T3,广东省,服务社区的商区,标准店,46.1
区域级商业区,T3,广东省,百货,标准店,43.9
区域级商业区,T3,广东省,购物中心,标准店,42.980000000000004
区域级商业区,T3,广东省,购物中心,高级标准店,43.15
区域级商业区,T3,江苏省,书店/图书馆等文化场所,标准店,42.1
区域级商业区,T3,江苏省,写字楼门店,标准店,47.2
区域级商业区,T3,江苏省,商业街,标准店,49.06666666666666
区域级商业区,T3,江苏省,奥莱,标准店,44.2
区域级商业区,T3,江苏省,旅游特色商业街,高级标准店,46.4
区域级商业区,T3,江苏省,百货,标准店,47.03333333333333
区域级商业区,T3,江苏省,社区-商业中心,标准店,46.94
区域级商业区,T3,江苏省,街铺,标准店,47.0
区域级商业区,T3,江苏省,购物中心,标准店,44.724137931034484
区域级商业区,T3,江苏省,超市/大卖场,标准店,44.8
区域级商业区,T3,江西省,办公-餐饮街,标准店,43.2
区域级商业区,T3,江西省,社区-商业中心,标准店,42.0
区域级商业区,T3,江西省,购物中心,标准店,42.266666666666666
区域级商业区,T3,河北省,百货,标准店,43.9
区域级商业区,T3,河北省,购物中心,标准店,44.9625
区域级商业区,T3,河北省,购物中心,高级标准店,46.3
区域级商业区,T3,河南省,写字楼门店,标准店,46.8
区域级商业区,T3,河南省,奥莱,标准店,47.1
区域级商业区,T3,河南省,百货,标准店,41.0
区域级商业区,T3,河南省,购物中心,标准店,43.35
区域级商业区,T3,河南省,购物中心,高级标准店,43.5
区域级商业区,T3,浙江省,写字楼门店,标准店,43.61666666666667
区域级商业区,T3,浙江省,办公-餐饮街,标准店,45.875
区域级商业区,T3,浙江省,百货,标准店,43.3
区域级商业区,T3,浙江省,社区-商业中心,标准店,42.852631578947374
区域级商业区,T3,浙江省,购物中心,标准店,42.978
区域级商业区,T3,浙江省,购物中心,高级标准店,41.9
区域级商业区,T3,甘肃省,购物中心,标准店,47.0
区域级商业区,T3,福建省,写字楼门店,标准店,39.6
区域级商业区,T3,福建省,社区-商业中心,标准店,42.0
区域级商业区,T3,福建省,购物中心,标准店,43.47894736842105
区域级商业区,T3,福建省,购物中心,高级标准店,43.63333333333333
区域级商业区,T3,贵州省,奥莱,标准店,47.3
区域级商业区,T3,贵州省,购物中心,标准店,42.2
区域级商业区,T3,辽宁省,奢侈品商场,标准店,47.0
区域级商业区,T3,辽宁省,奢侈品商场,高级标准店,43.7
区域级商业区,T3,辽宁省,奥莱,标准店,43.6
区域级商业区,T3,辽宁省,百货,标准店,45.6
区域级商业区,T3,辽宁省,购物中心,标准店,46.975
区域级商业区,T3,黑龙江省,商业街,高级标准店,47.7
区域级商业区,T3,黑龙江省,购物中心,标准店,46.31428571428571
区域级商业区,T3,黑龙江省,购物中心,高级标准店,42.3
区域级商业区,T4,内蒙古自治,奢侈品商场,标准店,50.6
区域级商业区,T4,内蒙古自治,购物中心,标准店,47.3
区域级商业区,T4,四川省,商业街,标准店,44.8
区域级商业区,T4,四川省,购物中心,标准店,42.5
区域级商业区,T4,安徽省,商业街,标准店,46.0
区域级商业区,T4,安徽省,购物中心,标准店,45.285714285714285
区域级商业区,T4,安徽省,超市/大卖场,标准店,44.05
区域级商业区,T4,山东省,购物中心,标准店,45.300000000000004
区域级商业区,T4,山西省,百货,标准店,42.4
区域级商业区,T4,山西省,购物中心,标准店,46.599999999999994
区域级商业区,T4,广东省,服务社区的商区,标准店,38.4
区域级商业区,T4,广东省,购物中心,标准店,41.925
区域级商业区,T4,广东省,购物中心,高级标准店,40.9
区域级商业区,T4,广西自治区,购物中心,标准店,41.675
区域级商业区,T4,广西自治区,购物中心,高级标准店,44.0
区域级商业区,T4,江苏省,办公-餐饮街,标准店,43.6
区域级商业区,T4,江苏省,商业街,标准店,49.6
区域级商业区,T4,江苏省,奥莱,标准店,45.45
区域级商业区,T4,江苏省,旅游特色商业街,标准店,44.6
区域级商业区,T4,江苏省,服务社区的商区,标准店,42.1
区域级商业区,T4,江苏省,百货,标准店,45.38333333333333
区域级商业区,T4,江苏省,社区-商业中心,标准店,45.3
区域级商业区,T4,江苏省,购物中心,标准店,45.72380952380953
区域级商业区,T4,江苏省,超市/大卖场,标准店,43.4
区域级商业区,T4,江西省,商业街,标准店,46.2
区域级商业区,T4,江西省,购物中心,标准店,43.85
区域级商业区,T4,河北省,百货,标准店,44.86666666666667
区域级商业区,T4,河北省,购物中心,标准店,44.07222222222222
区域级商业区,T4,河北省,超市/大卖场,标准店,42.6
区域级商业区,T4,河南省,购物中心,标准店,44.50833333333333
区域级商业区,T4,浙江省,书店/图书馆等文化场所,标准店,40.3
区域级商业区,T4,浙江省,写字楼门店,标准店,41.3
区域级商业区,T4,浙江省,办公-餐饮街,标准店,42.6
区域级商业区,T4,浙江省,商业街,标准店,43.65
区域级商业区,T4,浙江省,服务社区的商区,标准店,43.3
区域级商业区,T4,浙江省,百货,标准店,42.475
区域级商业区,T4,浙江省,社区-商业中心,标准店,45.25714285714286
区域级商业区,T4,浙江省,购物中心,标准店,43.291666666666664
区域级商业区,T4,海南省,写字楼门店,标准店,41.3
区域级商业区,T4,海南省,百货,高级标准店,42.6
区域级商业区,T4,海南省,购物中心,标准店,46.6
区域级商业区,T4,湖北省,商业街,标准店,44.3
区域级商业区,T4,湖北省,购物中心,标准店,45.34285714285714
区域级商业区,T4,湖南省,购物中心,标准店,44.525
区域级商业区,T4,福建省,旅游特色商业街,标准店,43.2
区域级商业区,T4,福建省,购物中心,标准店,44.0
区域级商业区,T4,贵州省,商业街,标准店,45.5
区域级商业区,T4,贵州省,购物中心,标准店,45.1
区域级商业区,T4,陕西省,购物中心,标准店,44.98333333333333
区域级商业区,T5,云南省,购物中心,标准店,47.0
区域级商业区,T5,内蒙古自治,购物中心,标准店,46.46666666666667
区域级商业区,T5,吉林省,百货,标准店,45.5
区域级商业区,T5,吉林省,购物中心,标准店,45.06
区域级商业区,T5,四川省,百货,标准店,41.5
区域级商业区,T5,四川省,购物中心,标准店,43.291666666666664
区域级商业区,T5,安徽省,商业街,标准店,46.400000000000006
区域级商业区,T5,安徽省,百货,标准店,48.7
区域级商业区,T5,安徽省,购物中心,标准店,43.339999999999996
区域级商业区,T5,安徽省,超市/大卖场,标准店,44.1
区域级商业区,T5,山东省,购物中心,标准店,44.075
区域级商业区,T5,山西省,奥莱,标准店,45.4
区域级商业区,T5,山西省,百货,标准店,43.5
区域级商业区,T5,山西省,购物中心,标准店,45.88181818181818
区域级商业区,T5,广东省,购物中心,标准店,40.75
区域级商业区,T5,广西自治区,购物中心,标准店,40.6
区域级商业区,T5,河北省,百货,标准店,45.7
区域级商业区,T5,河北省,购物中心,标准店,44.04
区域级商业区,T5,河北省,购物中心,高级标准店,44.3
区域级商业区,T5,河南省,购物中心,标准店,42.4
区域级商业区,T5,浙江省,办公-餐饮街,标准店,44.7
区域级商业区,T5,浙江省,商业街,标准店,45.2
区域级商业区,T5,浙江省,奥莱,标准店,45.7
区域级商业区,T5,浙江省,服务社区的商区,标准店,44.9
区域级商业区,T5,浙江省,百货,标准店,44.25
区域级商业区,T5,浙江省,社区-商业中心,标准店,43.76666666666667
区域级商业区,T5,浙江省,购物中心,标准店,43.519999999999996
区域级商业区,T5,海南省,购物中心,标准店,45.2
区域级商业区,T5,湖北省,购物中心,标准店,43.975
区域级商业区,T5,湖南省,商业街,标准店,45.6
区域级商业区,T5,湖南省,购物中心,标准店,44.16923076923077
区域级商业区,T5,甘肃省,购物中心,标准店,46.400000000000006
区域级商业区,T5,福建省,社区-商业中心,标准店,41.666666666666664
区域级商业区,T5,福建省,购物中心,标准店,42.53333333333333
区域级商业区,T5,贵州省,购物中心,标准店,47.1
区域级商业区,T5,辽宁省,购物中心,标准店,43.97777777777778
区域级商业区,T5,陕西省,购物中心,标准店,45.075
区域级商业区,T5,青海省,奥莱,标准店,49.3
区域级商业区,T5,青海省,购物中心,标准店,51.199999999999996
区域级商业区,T5,黑龙江省,购物中心,标准店,44.0
市级商业中心区,T1,上海市,企业总部,标准店,38.2
市级商业中心区,T1,上海市,写字楼门店,标准店,41.97826086956522
市级商业中心区,T1,上海市,写字楼门店,高级标准店,41.1
市级商业中心区,T1,上海市,办公-餐饮街,标准店,43.56666666666666
市级商业中心区,T1,上海市,商业街,标准店,44.05
市级商业中心区,T1,上海市,商业街,高级标准店,52.0
市级商业中心区,T1,上海市,地铁,标准店,38.0
市级商业中心区,T1,上海市,奢侈品商场,标准店,40.15714285714286
市级商业中心区,T1,上海市,奢侈品商场,臻选店,42.1
市级商业中心区,T1,上海市,服务社区的商区,标准店,41.7
市级商业中心区,T1,上海市,百货,标准店,42.93333333333334
市级商业中心区,T1,上海市,百货,臻选店,62.9
市级商业中心区,T1,上海市,社区-商业中心,标准店,38.0
市级商业中心区,T1,上海市,街铺,标准店,43.833333333333336
市级商业中心区,T1,上海市,街铺,高级标准店,46.3
市级商业中心区,T1,上海市,购物中心,标准店,41.78888888888889
市级商业中心区,T1,上海市,购物中心,臻选店,70.1
市级商业中心区,T1,上海市,购物中心,高级标准店,41.9
市级商业中心区,T1,上海市,酒店,标准店,44.3
市级商业中心区,T1,北京市,写字楼门店,标准店,46.4
市级商业中心区,T1,北京市,写字楼门店,高级标准店,42.4
市级商业中心区,T1,北京市,商业街,标准店,43.1
市级商业中心区,T1,北京市,奢侈品商场,标准店,52.3
市级商业中心区,T1,北京市,百货,标准店,44.9
市级商业中心区,T1,北京市,购物中心,旗舰店,59.3
市级商业中心区,T1,北京市,购物中心,标准店,45.160000000000004
市级商业中心区,T1,北京市,购物中心,高级标准店,47.0
市级商业中心区,T1,广东省,写字楼门店,标准店,41.85
市级商业中心区,T1,广东省,商业街,标准店,39.599999999999994
市级商业中心区,T1,广东省,商业街,高级标准店,49.5
市级商业中心区,T1,广东省,服务社区的商区,标准店,38.7
市级商业中心区,T1,广东省,社区-商业中心,标准店,40.8
市级商业中心区,T1,广东省,购物中心,标准店,42.42857142857143
市级商业中心区,T1,广东省,购物中心,高级标准店,42.2
市级商业中心区,T2,四川省,办公-餐饮街,高级标准店,44.4
市级商业中心区,T2,四川省,商业街,标准店,45.05
市级商业中心区,T2,四川省,奢侈品商场,旗舰店,98.8
市级商业中心区,T2,四川省,购物中心,标准店,44.642857142857146
市级商业中心区,T2,天津市,写字楼门店,标准店,38.5
市级商业中心区,T2,天津市,商业街,旗舰店,87.0
市级商业中心区,T2,天津市,百货,标准店,44.65
市级商业中心区,T2,天津市,购物中心,标准店,38.35
市级商业中心区,T2,天津市,购物中心,高级标准店,42.7
市级商业中心区,T2,山东省,写字楼门店,标准店,43.0
市级商业中心区,T2,山东省,商业街,标准店,43.9
市级商业中心区,T2,山东省,奢侈品商场,标准店,45.9
市级商业中心区,T2,山东省,电影院,标准店,45.2
市级商业中心区,T2,山东省,百货,标准店,45.3
市级商业中心区,T2,山东省,购物中心,标准店,43.85
市级商业中心区,T2,山东省,购物中心,臻选店,66.0
市级商业中心区,T2,广东省,商业街,标准店,45.1
市级商业中心区,T2,广东省,旅游特色商业街,高级标准店,45.1
市级商业中心区,T2,广东省,购物中心,标准店,40.2
市级商业中心区,T2,广东省,购物中心,高级标准店,40.2
市级商业中心区,T2,江苏省,写字楼门店,标准店,42.65
市级商业中心区,T2,江苏省,商业街,标准店,41.3
市级商业中心区,T2,江苏省,商业街,高级标准店,43.6
市级商业中心区,T2,江苏省,旅游特色商业街,标准店,44.5
市级商业中心区,T2,江苏省,百货,标准店,42.85
市级商业中心区,T2,江苏省,社区-商业中心,标准店,42.95
市级商业中心区,T2,江苏省,街铺,标准店,44.540000000000006
市级商业中心区,T2,江苏省,购物中心,标准店,41.9
市级商业中心区,T2,江苏省,购物中心,高级标准店,42.3
市级商业中心区,T2,浙江省,商业街,标准店,43.3
市级商业中心区,T2,浙江省,地铁,标准店,38.7
市级商业中心区,T2,浙江省,奢侈品商场,标准店,44.7
市级商业中心区,T2,浙江省,奥莱,标准店,46.2
市级商业中心区,T2,浙江省,百货,标准店,43.2
市级商业中心区,T2,浙江省,社区-商业中心,标准店,47.35
市级商业中心区,T2,浙江省,街铺,标准店,41.9
市级商业中心区,T2,浙江省,购物中心,标准店,41.35
市级商业中心区,T2,浙江省,购物中心,臻选店,43.4
市级商业中心区,T2,浙江省,购物中心,高级标准店,46.2
市级商业中心区,T2,湖北省,商业街,标准店,43.5
市级商业中心区,T2,湖北省,百货,标准店,44.23333333333333
市级商业中心区,T2,湖北省,购物中心,标准店,44.900000000000006
市级商业中心区,T2,湖北省,购物中心,臻选店,52.55
市级商业中心区,T2,湖南省,商业街,标准店,43.76666666666667
市级商业中心区,T2,湖南省,百货,标准店,42.4
市级商业中心区,T2,湖南省,购物中心,标准店,44.5
市级商业中心区,T2,湖南省,购物中心,臻选店,50.2
市级商业中心区,T2,湖南省,餐饮/酒吧街,标准店,47.7
市级商业中心区,T2,福建省,购物中心,标准店,42.13333333333333
市级商业中心区,T2,辽宁省,百货,标准店,42.5
市级商业中心区,T2,辽宁省,百货,高级标准店,46.0
市级商业中心区,T2,辽宁省,购物中心,标准店,43.02
市级商业中心区,T2,辽宁省,购物中心,高级标准店,43.6
市级商业中心区,T2,重庆市,商业街,标准店,46.1
市级商业中心区,T2,重庆市,购物中心,标准店,48.160000000000004
市级商业中心区,T2,重庆市,购物中心,高级标准店,48.7
市级商业中心区,T2,陕西省,商业街,标准店,46.6
市级商业中心区,T2,陕西省,奢侈品商场,臻选店,55.8
市级商业中心区,T2,陕西省,旅游特色商业街,高级标准店,49.5
市级商业中心区,T2,陕西省,百货,标准店,46.1
市级商业中心区,T2,陕西省,购物中心,标准店,47.1
市级商业中心区,T3,云南省,旅游特色商业街,标准店,48.0
市级商业中心区,T3,云南省,百货,标准店,53.7
市级商业中心区,T3,云南省,购物中心,标准店,50.86666666666667
市级商业中心区,T3,云南省,购物中心,高级标准店,44.2
市级商业中心区,T3,云南省,餐饮/酒吧街,标准店,47.1
市级商业中心区,T3,吉林省,百货,标准店,47.65
市级商业中心区,T3,吉林省,购物中心,标准店,44.400000000000006
市级商业中心区,T3,吉林省,购物中心,高级标准店,43.2
市级商业中心区,T3,安徽省,奢侈品商场,标准店,44.7
市级商业中心区,T3,安徽省,百货,标准店,43.0
市级商业中心区,T3,山东省,奢侈品商场,标准店,47.6
市级商业中心区,T3,山东省,百货,标准店,42.95
市级商业中心区,T3,山东省,购物中心,标准店,43.79
市级商业中心区,T3,山东省,购物中心,高级标准店,46.1
市级商业中心区,T3,山西省,百货,标准店,46.2
市级商业中心区,T3,山西省,百货,高级标准店,48.9
市级商业中心区,T3,山西省,购物中心,标准店,45.95
市级商业中心区,T3,广西自治区,写字楼门店,标准店,43.2
市级商业中心区,T3,广西自治区,旅游特色商业街,高级标准店,43.1
市级商业中心区,T3,广西自治区,百货,标准店,39.8
市级商业中心区,T3,广西自治区,社区-商业中心,标准店,41.1
市级商业中心区,T3,广西自治区,购物中心,标准店,41.275
市级商业中心区,T3,江苏省,商业街,标准店,42.53333333333333
市级商业中心区,T3,江苏省,百货,标准店,47.35
市级商业中心区,T3,江苏省,社区-商业中心,标准店,41.2
市级商业中心区,T3,江苏省,购物中心,标准店,44.425
市级商业中心区,T3,江西省,百货,标准店,45.099999999999994
市级商业中心区,T3,江西省,社区-商业中心,标准店,41.1
市级商业中心区,T3,江西省,购物中心,标准店,42.63333333333333
市级商业中心区,T3,河北省,商业街,标准店,45.7
市级商业中心区,T3,河北省,奢侈品商场,标准店,45.05
市级商业中心区,T3,河北省,百货,标准店,43.2
市级商业中心区,T3,河北省,购物中心,标准店,44.18333333333334
市级商业中心区,T3,河南省,百货,标准店,45.5
市级商业中心区,T3,河南省,购物中心,标准店,44.3
市级商业中心区,T3,河南省,购物中心,高级标准店,45.6
市级商业中心区,T3,浙江省,商业街,标准店,43.199999999999996
市级商业中心区,T3,浙江省,百货,标准店,41.86666666666667
市级商业中心区,T3,浙江省,社区-商业中心,标准店,45.300000000000004
市级商业中心区,T3,浙江省,购物中心,标准店,42.15
市级商业中心区,T3,甘肃省,购物中心,标准店,48.1
市级商业中心区,T3,甘肃省,购物中心,高级标准店,45.9
市级商业中心区,T3,福建省,独立性较强的景点，一般需购票进入,高级标准店,49.1
市级商业中心区,T3,福建省,百货,标准店,41.25
市级商业中心区,T3,福建省,购物中心,标准店,43.0
市级商业中心区,T3,福建省,购物中心,高级标准店,44.75
市级商业中心区,T3,贵州省,百货,标准店,43.6
市级商业中心区,T3,贵州省,购物中心,高级标准店,45.0
市级商业中心区,T3,辽宁省,百货,高级标准店,44.4
市级商业中心区,T3,辽宁省,购物中心,标准店,42.43333333333333
市级商业中心区,T3,辽宁省,购物中心,高级标准店,43.45
市级商业中心区,T3,黑龙江省,百货,标准店,45.6
市级商业中心区,T3,黑龙江省,购物中心,标准店,44.85
市级商业中心区,T3,黑龙江省,酒店,标准店,48.1
市级商业中心区,T4,内蒙古自治,百货,标准店,
市级商业中心区,T4,内蒙古自治,购物中心,标准店,48.25
市级商业中心区,T4,宁夏自治区,购物中心,标准店,46.3
市级商业中心区,T4,安徽省,购物中心,标准店,44.0
市级商业中心区,T4,山东省,奢侈品商场,标准店,43.0
市级商业中心区,T4,山东省,百货,标准店,44.6
市级商业中心区,T4,山东省,购物中心,标准店,45.08
市级商业中心区,T4,山西省,购物中心,标准店,45.0
市级商业中心区,T4,广东省,购物中心,标准店,41.42
市级商业中心区,T4,广东省,购物中心,高级标准店,42.7
市级商业中心区,T4,广西自治区,旅游特色商业街,标准店,46.4
市级商业中心区,T4,广西自治区,百货,标准店,41.199999999999996
市级商业中心区,T4,广西自治区,购物中心,标准店,40.4
市级商业中心区,T4,江苏省,商业街,标准店,41.5
市级商业中心区,T4,江苏省,奥莱,标准店,45.2
市级商业中心区,T4,江苏省,百货,标准店,44.2
市级商业中心区,T4,江苏省,社区-商业中心,标准店,42.9
市级商业中心区,T4,江苏省,街铺,标准店,41.1
市级商业中心区,T4,江苏省,购物中心,标准店,43.176923076923075
市级商业中心区,T4,江西省,购物中心,标准店,43.25
市级商业中心区,T4,河北省,百货,标准店,45.8
市级商业中心区,T4,河北省,购物中心,标准店,44.975
市级商业中心区,T4,河北省,购物中心,高级标准店,45.3
市级商业中心区,T4,河南省,商业街,标准店,41.8
市级商业中心区,T4,河南省,百货,标准店,44.5
市级商业中心区,T4,河南省,街铺,标准店,44.7
市级商业中心区,T4,河南省,购物中心,标准店,43.05
市级商业中心区,T4,浙江省,商业街,标准店,42.7
市级商业中心区,T4,浙江省,社区-商业中心,标准店,44.0
市级商业中心区,T4,浙江省,购物中心,标准店,42.4
市级商业中心区,T4,浙江省,购物中心,高级标准店,41.5
市级商业中心区,T4,海南省,购物中心,标准店,42.96
市级商业中心区,T4,海南省,购物中心,高级标准店,42.55
市级商业中心区,T4,湖北省,商业街,标准店,42.5
市级商业中心区,T4,湖北省,百货,标准店,46.0
市级商业中心区,T4,湖北省,购物中心,标准店,43.95
市级商业中心区,T4,湖南省,百货,标准店,41.15
市级商业中心区,T4,湖南省,购物中心,标准店,43.0
市级商业中心区,T4,福建省,社区-商业中心,标准店,
市级商业中心区,T4,福建省,购物中心,标准店,43.975
市级商业中心区,T4,贵州省,购物中心,标准店,44.5
市级商业中心区,T4,陕西省,商业街,标准店,41.6
市级商业中心区,T4,陕西省,购物中心,标准店,43.3
市级商业中心区,T5,云南省,购物中心,标准店,45.93333333333334
市级商业中心区,T5,云南省,购物中心,高级标准店,48.9
市级商业中心区,T5,内蒙古自治,百货,标准店,44.55
市级商业中心区,T5,内蒙古自治,购物中心,标准店,47.03333333333333
市级商业中心区,T5,吉林省,百货,标准店,48.875
市级商业中心区,T5,吉林省,购物中心,标准店,45.35
市级商业中心区,T5,四川省,百货,标准店,43.9
市级商业中心区,T5,四川省,购物中心,标准店,42.980000000000004
市级商业中心区,T5,安徽省,百货,标准店,41.36666666666667
市级商业中心区,T5,安徽省,购物中心,标准店,43.0
市级商业中心区,T5,山东省,百货,标准店,44.4
市级商业中心区,T5,山东省,购物中心,标准店,44.18333333333334
市级商业中心区,T5,山西省,百货,标准店,45.25
市级商业中心区,T5,山西省,购物中心,标准店,45.26666666666667
市级商业中心区,T5,广东省,购物中心,标准店,40.93333333333334
市级商业中心区,T5,广西自治区,购物中心,标准店,41.8
市级商业中心区,T5,江西省,购物中心,标准店,44.800000000000004
市级商业中心区,T5,河北省,百货,标准店,45.7
市级商业中心区,T5,河北省,购物中心,标准店,45.199999999999996
市级商业中心区,T5,河南省,购物中心,标准店,44.76666666666667
市级商业中心区,T5,浙江省,购物中心,标准店,42.35
市级商业中心区,T5,海南省,购物中心,标准店,44.8
市级商业中心区,T5,湖北省,商业街,标准店,45.35
市级商业中心区,T5,湖北省,百货,标准店,42.075
市级商业中心区,T5,湖北省,购物中心,标准店,42.833333333333336
市级商业中心区,T5,湖南省,百货,标准店,44.6
市级商业中心区,T5,湖南省,购物中心,标准店,43.349999999999994
市级商业中心区,T5,甘肃省,购物中心,标准店,50.8
市级商业中心区,T5,福建省,购物中心,标准店,45.45
市级商业中心区,T5,贵州省,商业街,标准店,44.6
市级商业中心区,T5,贵州省,百货,标准店,45.9
市级商业中心区,T5,贵州省,购物中心,标准店,44.25
市级商业中心区,T5,辽宁省,百货,标准店,42.73333333333333
市级商业中心区,T5,辽宁省,购物中心,标准店,43.35
市级商业中心区,T5,陕西省,商业街,标准店,44.333333333333336
市级商业中心区,T5,陕西省,百货,标准店,44.63333333333333
市级商业中心区,T5,黑龙江省,百货,标准店,43.7
市级商业中心区,T5,黑龙江省,购物中心,标准店,47.0
市级商业中心区,T5,黑龙江省,超市/大卖场,标准店,45.5
旅游,T1,上海市,奥莱,标准店,44.6
旅游,T1,上海市,旅游特色商业街,标准店,47.86666666666667
旅游,T1,上海市,旅游特色商业街,臻选店,73.0
旅游,T1,上海市,旅游特色商业街,高级标准店,52.45
旅游,T1,上海市,独立性较强的景点，一般需购票进入,旗舰店,51.4
旅游,T1,上海市,社区-商业中心,标准店,45.099999999999994
旅游,T1,北京市,旅游特色商业街,旗舰店,92.3
旅游,T1,北京市,旅游特色商业街,标准店,48.75
旅游,T1,北京市,旅游特色商业街,高级标准店,53.7
旅游,T1,北京市,独立性较强的景点，一般需购票进入,标准店,47.475
旅游,T1,北京市,购物中心,标准店,45.2
旅游,T1,广东省,写字楼门店,标准店,40.6
旅游,T1,广东省,奥莱,标准店,45.4
旅游,T1,广东省,旅游特色商业街,高级标准店,54.0
旅游,T1,广东省,独立性较强的景点，一般需购票进入,标准店,39.9
旅游,T1,广东省,独立性较强的景点，一般需购票进入,高级标准店,49.8
旅游,T2,四川省,旅游特色商业街,标准店,52.73333333333333
旅游,T2,四川省,旅游特色商业街,高级标准店,51.3
旅游,T2,天津市,旅游特色商业街,标准店,51.7
旅游,T2,山东省,旅游特色商业街,标准店,47.2
旅游,T2,广东省,商业街,标准店,44.4
旅游,T2,广东省,独立性较强的景点，一般需购票进入,标准店,45.0
旅游,T2,江苏省,商业街,标准店,44.75
旅游,T2,江苏省,旅游特色商业街,标准店,46.455555555555556
旅游,T2,江苏省,旅游特色商业街,高级标准店,45.56666666666666
旅游,T2,江苏省,独立性较强的景点，一般需购票进入,标准店,48.13333333333333
旅游,T2,江苏省,购物中心,标准店,43.5
旅游,T2,浙江省,旅游特色商业街,标准店,46.75384615384615
旅游,T2,浙江省,旅游特色商业街,高级标准店,46.2
旅游,T2,浙江省,独立性较强的景点，一般需购票进入,标准店,
旅游,T2,福建省,写字楼门店,标准店,38.2
旅游,T2,福建省,商业街,标准店,45.8
旅游,T2,福建省,旅游特色商业街,标准店,49.900000000000006
旅游,T2,福建省,旅游特色商业街,高级标准店,47.1
旅游,T2,福建省,独立性较强的景点，一般需购票进入,标准店,47.6
旅游,T2,福建省,购物中心,标准店,43.0
旅游,T2,重庆市,旅游特色商业街,标准店,52.699999999999996
旅游,T2,陕西省,旅游特色商业街,标准店,49.4
旅游,T2,陕西省,独立性较强的景点，一般需购票进入,高级标准店,51.2
旅游,T3,山东省,旅游特色商业街,标准店,51.7
旅游,T3,广东省,旅游特色商业街,标准店,49.1
旅游,T3,广东省,酒店,标准店,43.8
旅游,T3,江苏省,旅游特色商业街,标准店,44.4
旅游,T3,江西省,旅游特色商业街,标准店,43.9
旅游,T3,浙江省,旅游特色商业街,标准店,47.08
旅游,T3,浙江省,旅游特色商业街,高级标准店,43.9
旅游,T3,浙江省,独立性较强的景点，一般需购票进入,标准店,49.85
旅游,T3,福建省,旅游特色商业街,标准店,43.9
旅游,T3,福建省,购物中心,标准店,41.3
旅游,T3,辽宁省,旅游特色商业街,标准店,48.6
旅游,T3,黑龙江省,独立性较强的景点，一般需购票进入,标准店,45.9
旅游,T4,安徽省,旅游特色商业街,标准店,43.5
旅游,T4,广西自治区,旅游特色商业街,高级标准店,50.7
旅游,T4,广西自治区,购物中心,标准店,47.0
旅游,T4,江苏省,旅游特色商业街,标准店,45.13333333333333
旅游,T4,江苏省,旅游特色商业街,高级标准店,46.7
旅游,T4,江苏省,独立性较强的景点，一般需购票进入,标准店,45.9
旅游,T4,江西省,独立性较强的景点，一般需购票进入,标准店,47.4
旅游,T4,浙江省,奥莱,标准店,42.3
旅游,T4,浙江省,旅游特色商业街,标准店,45.7
旅游,T4,海南省,商业街,标准店,56.125
旅游,T4,海南省,奥莱,标准店,44.7
旅游,T4,海南省,独立性较强的景点，一般需购票进入,标准店,51.2
旅游,T4,海南省,百货,标准店,55.6
旅游,T4,海南省,酒店,标准店,51.2
旅游,T4,海南省,餐饮/酒吧街,标准店,53.0
旅游,T4,陕西省,旅游特色商业街,标准店,48.9
旅游,T5,云南省,旅游特色商业街,标准店,47.05
旅游,T5,云南省,旅游特色商业街,高级标准店,49.0
旅游,T5,云南省,独立性较强的景点，一般需购票进入,标准店,49.2
旅游,T5,吉林省,独立性较强的景点，一般需购票进入,标准店,52.8
旅游,T5,安徽省,旅游特色商业街,标准店,46.599999999999994
旅游,T5,山西省,旅游特色商业街,标准店,48.3
旅游,T5,江西省,旅游特色商业街,标准店,44.3
旅游,T5,河北省,独立性较强的景点，一般需购票进入,标准店,48.75
旅游,T5,浙江省,独立性较强的景点，一般需购票进入,标准店,49.95
旅游,T5,浙江省,社区-商业中心,标准店,48.2
旅游,T5,海南省,奥莱,标准店,49.3
旅游,T5,湖南省,独立性较强的景点，一般需购票进入,高级标准店,65.6
旅游,T5,福建省,商业街,标准店,50.6
特殊商圈（学校、医院、博物馆）,T1,上海市,专业市场,标准店,40.1
特殊商圈（学校、医院、博物馆）,T1,上海市,书店/图书馆等文化场所,标准店,34.0
特殊商圈（学校、医院、博物馆）,T1,上海市,企业总部,标准店,52.4
特殊商圈（学校、医院、博物馆）,T1,上海市,写字楼门店,标准店,44.31666666666666
特殊商圈（学校、医院、博物馆）,T1,上海市,办公-餐饮街,标准店,41.9
特殊商圈（学校、医院、博物馆）,T1,上海市,医院,标准店,46.31111111111111
特殊商圈（学校、医院、博物馆）,T1,上海市,各类办公园区,标准店,47.88
特殊商圈（学校、医院、博物馆）,T1,上海市,地铁,标准店,50.9
特殊商圈（学校、医院、博物馆）,T1,上海市,大学,标准店,38.55555555555556
特殊商圈（学校、医院、博物馆）,T1,上海市,奥莱,标准店,42.6
特殊商圈（学校、医院、博物馆）,T1,上海市,服务社区的商区,标准店,42.93333333333334
特殊商圈（学校、医院、博物馆）,T1,上海市,百货,标准店,45.1
特殊商圈（学校、医院、博物馆）,T1,上海市,社区-商业中心,标准店,41.85
特殊商圈（学校、医院、博物馆）,T1,上海市,街铺,标准店,44.56666666666666
特殊商圈（学校、医院、博物馆）,T1,上海市,购物中心,标准店,42.87777777777777
特殊商圈（学校、医院、博物馆）,T1,上海市,超市/大卖场,标准店,42.95
特殊商圈（学校、医院、博物馆）,T1,北京市,专业市场,标准店,49.3
特殊商圈（学校、医院、博物馆）,T1,北京市,书店/图书馆等文化场所,标准店,46.1
特殊商圈（学校、医院、博物馆）,T1,北京市,书店/图书馆等文化场所,高级标准店,51.0
特殊商圈（学校、医院、博物馆）,T1,北京市,写字楼门店,标准店,43.5
特殊商圈（学校、医院、博物馆）,T1,北京市,医院,标准店,45.95
特殊商圈（学校、医院、博物馆）,T1,北京市,大学,标准店,40.120000000000005
特殊商圈（学校、医院、博物馆）,T1,北京市,旅游特色商业街,标准店,47.6
特殊商圈（学校、医院、博物馆）,T1,北京市,社区-商业中心,标准店,42.7
特殊商圈（学校、医院、博物馆）,T1,北京市,购物中心,标准店,42.9
特殊商圈（学校、医院、博物馆）,T1,北京市,餐饮/酒吧街,标准店,43.0
特殊商圈（学校、医院、博物馆）,T1,广东省,专业市场,标准店,43.42857142857143
特殊商圈（学校、医院、博物馆）,T1,广东省,写字楼门店,标准店,46.56
特殊商圈（学校、医院、博物馆）,T1,广东省,办公-餐饮街,标准店,44.0
特殊商圈（学校、医院、博物馆）,T1,广东省,医院,标准店,25.933333333333334
特殊商圈（学校、医院、博物馆）,T1,广东省,商业街,标准店,37.0
特殊商圈（学校、医院、博物馆）,T1,广东省,大学,标准店,36.2625
特殊商圈（学校、医院、博物馆）,T1,广东省,社区-商业中心,标准店,42.0
特殊商圈（学校、医院、博物馆）,T1,广东省,购物中心,标准店,43.4875
特殊商圈（学校、医院、博物馆）,T1,广东省,酒店,标准店,48.4
特殊商圈（学校、医院、博物馆）,T1,广东省,餐饮/酒吧街,标准店,41.9
特殊商圈（学校、医院、博物馆）,T2,四川省,专业市场,标准店,45.3
特殊商圈（学校、医院、博物馆）,T2,四川省,写字楼门店,标准店,44.05
特殊商圈（学校、医院、博物馆）,T2,四川省,医院,标准店,
特殊商圈（学校、医院、博物馆）,T2,四川省,服务社区的商区,标准店,44.1
特殊商圈（学校、医院、博物馆）,T2,四川省,餐饮/酒吧街,标准店,45.35
特殊商圈（学校、医院、博物馆）,T2,四川省,餐饮/酒吧街,高级标准店,43.4
特殊商圈（学校、医院、博物馆）,T2,天津市,医院,标准店,42.900000000000006
特殊商圈（学校、医院、博物馆）,T2,天津市,大学,标准店,39.48333333333333
特殊商圈（学校、医院、博物馆）,T2,天津市,超市/大卖场,标准店,44.5
特殊商圈（学校、医院、博物馆）,T2,山东省,医院,标准店,42.7
特殊商圈（学校、医院、博物馆）,T2,山东省,大学,标准店,41.9
特殊商圈（学校、医院、博物馆）,T2,广东省,专业市场,标准店,48.699999999999996
特殊商圈（学校、医院、博物馆）,T2,广东省,医院,标准店,42.699999999999996
特殊商圈（学校、医院、博物馆）,T2,广东省,大学,标准店,34.2
特殊商圈（学校、医院、博物馆）,T2,江苏省,写字楼门店,标准店,54.2
特殊商圈（学校、医院、博物馆）,T2,江苏省,剧院/音乐厅,标准店,43.5
特殊商圈（学校、医院、博物馆）,T2,江苏省,医院,标准店,46.28333333333333
特殊商圈（学校、医院、博物馆）,T2,江苏省,商业街,标准店,42.03333333333333
特殊商圈（学校、医院、博物馆）,T2,江苏省,大学,标准店,37.7
特殊商圈（学校、医院、博物馆）,T2,江苏省,奥莱,标准店,46.2
特殊商圈（学校、医院、博物馆）,T2,江苏省,社区-商业中心,标准店,44.95
特殊商圈（学校、医院、博物馆）,T2,江苏省,街铺,标准店,42.7
特殊商圈（学校、医院、博物馆）,T2,江苏省,购物中心,标准店,42.5
特殊商圈（学校、医院、博物馆）,T2,浙江省,专业市场,标准店,45.8
特殊商圈（学校、医院、博物馆）,T2,浙江省,写字楼门店,标准店,48.1
特殊商圈（学校、医院、博物馆）,T2,浙江省,医院,标准店,45.35
特殊商圈（学校、医院、博物馆）,T2,浙江省,大学,标准店,37.836363636363636
特殊商圈（学校、医院、博物馆）,T2,浙江省,奥莱,标准店,43.9
特殊商圈（学校、医院、博物馆）,T2,浙江省,旅游特色商业街,标准店,46.0
特殊商圈（学校、医院、博物馆）,T2,浙江省,服务社区的商区,标准店,42.4
特殊商圈（学校、医院、博物馆）,T2,浙江省,社区-商业中心,标准店,42.6
特殊商圈（学校、医院、博物馆）,T2,浙江省,购物中心,标准店,41.15
特殊商圈（学校、医院、博物馆）,T2,湖北省,专业市场,标准店,52.1
特殊商圈（学校、医院、博物馆）,T2,湖北省,医院,标准店,43.333333333333336
特殊商圈（学校、医院、博物馆）,T2,湖北省,大学,标准店,39.733333333333334
特殊商圈（学校、医院、博物馆）,T2,湖北省,街铺,标准店,50.1
特殊商圈（学校、医院、博物馆）,T2,湖北省,购物中心,标准店,46.5
特殊商圈（学校、医院、博物馆）,T2,湖北省,餐饮/酒吧街,标准店,42.4
特殊商圈（学校、医院、博物馆）,T2,湖北省,餐饮/酒吧街,高级标准店,49.6
特殊商圈（学校、医院、博物馆）,T2,湖南省,大学,标准店,39.400000000000006
特殊商圈（学校、医院、博物馆）,T2,湖南省,餐饮/酒吧街,标准店,47.9
特殊商圈（学校、医院、博物馆）,T2,福建省,书店/图书馆等文化场所,标准店,43.3
特殊商圈（学校、医院、博物馆）,T2,福建省,大学,标准店,37.1
特殊商圈（学校、医院、博物馆）,T2,福建省,大学,高级标准店,40.9
特殊商圈（学校、医院、博物馆）,T2,福建省,奥莱,标准店,44.7
特殊商圈（学校、医院、博物馆）,T2,福建省,社区-商业中心,标准店,38.7
特殊商圈（学校、医院、博物馆）,T2,辽宁省,医院,标准店,49.5
特殊商圈（学校、医院、博物馆）,T2,辽宁省,大学,标准店,39.63333333333333
特殊商圈（学校、医院、博物馆）,T2,重庆市,医院,标准店,39.25
特殊商圈（学校、医院、博物馆）,T2,重庆市,大学,标准店,39.6
特殊商圈（学校、医院、博物馆）,T2,重庆市,餐饮/酒吧街,标准店,47.1
特殊商圈（学校、医院、博物馆）,T2,陕西省,医院,标准店,39.5
特殊商圈（学校、医院、博物馆）,T2,陕西省,大学,标准店,68.625
特殊商圈（学校、医院、博物馆）,T2,陕西省,百货,标准店,50.3
特殊商圈（学校、医院、博物馆）,T2,陕西省,街铺,标准店,44.56
特殊商圈（学校、医院、博物馆）,T2,陕西省,街铺,高级标准店,56.0
特殊商圈（学校、医院、博物馆）,T2,陕西省,购物中心,标准店,49.1
特殊商圈（学校、医院、博物馆）,T2,陕西省,餐饮/酒吧街,标准店,45.1
特殊商圈（学校、医院、博物馆）,T3,吉林省,医院,标准店,46.7
特殊商圈（学校、医院、博物馆）,T3,吉林省,商业街,标准店,43.3
特殊商圈（学校、医院、博物馆）,T3,吉林省,大学,标准店,43.1
特殊商圈（学校、医院、博物馆）,T3,山东省,大学,标准店,46.9
特殊商圈（学校、医院、博物馆）,T3,山东省,餐饮/酒吧街,标准店,43.0
特殊商圈（学校、医院、博物馆）,T3,广东省,专业市场,标准店,47.85
特殊商圈（学校、医院、博物馆）,T3,广东省,剧院/音乐厅,高级标准店,49.9
特殊商圈（学校、医院、博物馆）,T3,广东省,酒店,标准店,45.1
特殊商圈（学校、医院、博物馆）,T3,广西自治区,大学,标准店,32.7
特殊商圈（学校、医院、博物馆）,T3,广西自治区,餐饮/酒吧街,标准店,41.9
特殊商圈（学校、医院、博物馆）,T3,江苏省,各类办公园区,标准店,49.2
特殊商圈（学校、医院、博物馆）,T3,河北省,社区-商业中心,标准店,43.4
特殊商圈（学校、医院、博物馆）,T3,河南省,写字楼门店,标准店,51.4
特殊商圈（学校、医院、博物馆）,T3,河南省,大学,标准店,41.05
特殊商圈（学校、医院、博物馆）,T3,河南省,街铺,标准店,48.0
特殊商圈（学校、医院、博物馆）,T3,浙江省,专业市场,标准店,44.1
特殊商圈（学校、医院、博物馆）,T3,浙江省,书店/图书馆等文化场所,标准店,40.0
特殊商圈（学校、医院、博物馆）,T3,浙江省,写字楼门店,标准店,45.55
特殊商圈（学校、医院、博物馆）,T3,浙江省,办公-餐饮街,标准店,46.5
特殊商圈（学校、医院、博物馆）,T3,浙江省,医院,标准店,42.833333333333336
特殊商圈（学校、医院、博物馆）,T3,浙江省,大学,标准店,38.333333333333336
特殊商圈（学校、医院、博物馆）,T3,浙江省,社区-商业中心,标准店,45.4
特殊商圈（学校、医院、博物馆）,T3,浙江省,购物中心,标准店,47.7
特殊商圈（学校、医院、博物馆）,T3,福建省,专业市场,标准店,40.4
特殊商圈（学校、医院、博物馆）,T3,福建省,医院,标准店,42.4
特殊商圈（学校、医院、博物馆）,T3,福建省,大学,标准店,32.8
特殊商圈（学校、医院、博物馆）,T3,辽宁省,大学,标准店,40.4
特殊商圈（学校、医院、博物馆）,T3,黑龙江省,奥莱,标准店,47.1
特殊商圈（学校、医院、博物馆）,T4,江苏省,书店/图书馆等文化场所,标准店,41.8
特殊商圈（学校、医院、博物馆）,T4,江苏省,购物中心,标准店,41.3
特殊商圈（学校、医院、博物馆）,T4,河北省,书店/图书馆等文化场所,标准店,48.1
特殊商圈（学校、医院、博物馆）,T4,河北省,大学,标准店,40.6
特殊商圈（学校、医院、博物馆）,T4,浙江省,医院,标准店,45.8
特殊商圈（学校、医院、博物馆）,T4,海南省,大学,标准店,37.6
特殊商圈（学校、医院、博物馆）,T4,海南省,奥莱,标准店,46.1
特殊商圈（学校、医院、博物馆）,T4,福建省,大学,标准店,37.7
社区型商业,T1,上海市,专业市场,标准店,45.9
社区型商业,T1,上海市,写字楼门店,标准店,43.77272727272727
社区型商业,T1,上海市,办公-餐饮街,标准店,49.0
社区型商业,T1,上海市,各类办公园区,标准店,43.2
社区型商业,T1,上海市,商业街,标准店,46.3
社区型商业,T1,上海市,奥莱,标准店,46.6
社区型商业,T1,上海市,旅游特色商业街,标准店,46.4
社区型商业,T1,上海市,服务社区的商区,标准店,44.1
社区型商业,T1,上海市,百货,标准店,40.4
社区型商业,T1,上海市,社区-商业中心,标准店,43.756557377049184
社区型商业,T1,上海市,社区-商业中心,高级标准店,42.8
社区型商业,T1,上海市,街铺,标准店,42.85
社区型商业,T1,上海市,购物中心,标准店,43.42758620689655
社区型商业,T1,上海市,超市/大卖场,标准店,43.583333333333336
社区型商业,T1,上海市,酒店,标准店,43.3
社区型商业,T1,北京市,专业市场,标准店,44.8
社区型商业,T1,北京市,写字楼门店,标准店,45.47272727272727
社区型商业,T1,北京市,各类办公园区,标准店,41.2
社区型商业,T1,北京市,奥莱,标准店,43.5
社区型商业,T1,北京市,服务社区的商区,标准店,44.75
社区型商业,T1,北京市,电影院,标准店,44.2
社区型商业,T1,北京市,百货,标准店,45.0125
社区型商业,T1,北京市,社区-商业中心,标准店,44.28888888888889
社区型商业,T1,北京市,购物中心,标准店,43.27111111111111
社区型商业,T1,北京市,超市/大卖场,标准店,44.78666666666666
社区型商业,T1,广东省,专业市场,标准店,43.7
社区型商业,T1,广东省,企业总部,标准店,46.0
社区型商业,T1,广东省,写字楼门店,标准店,43.544444444444444
社区型商业,T1,广东省,办公-餐饮街,标准店,42.01666666666667
社区型商业,T1,广东省,商业街,标准店,40.795833333333334
社区型商业,T1,广东省,商业街,高级标准店,42.9
社区型商业,T1,广东省,大学,标准店,32.4
社区型商业,T1,广东省,奥莱,标准店,42.65
社区型商业,T1,广东省,服务社区的商区,标准店,41.035714285714285
社区型商业,T1,广东省,火车站,标准店,45.3
社区型商业,T1,广东省,百货,标准店,42.24285714285714
社区型商业,T1,广东省,社区-商业中心,标准店,41.12083333333333
社区型商业,T1,广东省,街铺,标准店,41.23333333333333
社区型商业,T1,广东省,街铺,臻选店,43.8
社区型商业,T1,广东省,购物中心,标准店,41.14819277108434
社区型商业,T1,广东省,购物中心,高级标准店,42.154545454545456
社区型商业,T1,广东省,超市/大卖场,标准店,41.475
社区型商业,T2,四川省,写字楼门店,标准店,48.8
社区型商业,T2,四川省,商业街,标准店,44.18888888888889
社区型商业,T2,四川省,奢侈品商场,标准店,41.0
社区型商业,T2,四川省,奥莱,标准店,41.300000000000004
社区型商业,T2,四川省,服务社区的商区,标准店,46.6
社区型商业,T2,四川省,百货,标准店,36.9
社区型商业,T2,四川省,购物中心,标准店,42.84190476190476
社区型商业,T2,四川省,购物中心,高级标准店,46.5
社区型商业,T2,天津市,旅游特色商业街,标准店,45.2
社区型商业,T2,天津市,百货,标准店,46.4
社区型商业,T2,天津市,社区-商业中心,标准店,49.6
社区型商业,T2,天津市,购物中心,标准店,44.35833333333333
社区型商业,T2,天津市,超市/大卖场,标准店,43.45
社区型商业,T2,山东省,社区-商业中心,标准店,42.2
社区型商业,T2,山东省,购物中心,标准店,42.09375
社区型商业,T2,广东省,专业市场,标准店,
社区型商业,T2,广东省,企业总部,标准店,47.1
社区型商业,T2,广东省,商业街,标准店,43.300000000000004
社区型商业,T2,广东省,奥莱,标准店,41.85
社区型商业,T2,广东省,服务社区的商区,标准店,41.300000000000004
社区型商业,T2,广东省,百货,标准店,43.228571428571435
社区型商业,T2,广东省,社区-商业中心,标准店,41.7
社区型商业,T2,广东省,购物中心,标准店,41.91111111111111
社区型商业,T2,广东省,购物中心,高级标准店,42.228571428571435
社区型商业,T2,广东省,超市/大卖场,标准店,42.7
社区型商业,T2,江苏省,写字楼门店,标准店,45.3
社区型商业,T2,江苏省,办公-餐饮街,标准店,45.43333333333334
社区型商业,T2,江苏省,各类办公园区,标准店,56.8
社区型商业,T2,江苏省,商业街,标准店,46.48571428571428
社区型商业,T2,江苏省,大学,标准店,36.0
社区型商业,T2,江苏省,奥莱,标准店,51.45
社区型商业,T2,江苏省,旅游特色商业街,标准店,46.5
社区型商业,T2,江苏省,服务社区的商区,标准店,43.81818181818182
社区型商业,T2,江苏省,火车站,标准店,46.4
社区型商业,T2,江苏省,百货,标准店,44.9
社区型商业,T2,江苏省,社区-商业中心,标准店,44.083333333333336
社区型商业,T2,江苏省,街铺,标准店,42.1
社区型商业,T2,江苏省,购物中心,标准店,43.632075471698116
社区型商业,T2,江苏省,购物中心,高级标准店,46.4
社区型商业,T2,江苏省,超市/大卖场,标准店,44.26666666666667
社区型商业,T2,江苏省,餐饮/酒吧街,标准店,43.6
社区型商业,T2,浙江省,专业市场,标准店,42.6
社区型商业,T2,浙江省,书店/图书馆等文化场所,标准店,40.23333333333333
社区型商业,T2,浙江省,企业总部,标准店,39.8
社区型商业,T2,浙江省,写字楼门店,标准店,44.10294117647059
社区型商业,T2,浙江省,办公-餐饮街,标准店,43.07142857142857
社区型商业,T2,浙江省,各类办公园区,标准店,44.400000000000006
社区型商业,T2,浙江省,商业街,标准店,44.95
社区型商业,T2,浙江省,地铁,标准店,42.5
社区型商业,T2,浙江省,奥莱,标准店,44.875
社区型商业,T2,浙江省,旅游特色商业街,标准店,45.63333333333333
社区型商业,T2,浙江省,旅游特色商业街,高级标准店,44.8
社区型商业,T2,浙江省,服务社区的商区,标准店,42.93125
社区型商业,T2,浙江省,独立性较强的景点，一般需购票进入,标准店,50.7
社区型商业,T2,浙江省,百货,标准店,44.32
社区型商业,T2,浙江省,社区-商业中心,标准店,43.527272727272724
社区型商业,T2,浙江省,社区-商业中心,高级标准店,45.45
社区型商业,T2,浙江省,购物中心,标准店,43.315384615384616
社区型商业,T2,浙江省,购物中心,高级标准店,42.46666666666667
社区型商业,T2,浙江省,超市/大卖场,标准店,43.53333333333333
社区型商业,T2,湖北省,写字楼门店,标准店,29.2
社区型商业,T2,湖北省,商业街,标准店,45.4375
社区型商业,T2,湖北省,大学,标准店,44.1
社区型商业,T2,湖北省,奥莱,标准店,43.6
社区型商业,T2,湖北省,服务社区的商区,标准店,47.7
社区型商业,T2,湖北省,百货,标准店,43.675
社区型商业,T2,湖北省,社区-商业中心,标准店,42.96666666666667
社区型商业,T2,湖北省,购物中心,标准店,43.96122448979592
社区型商业,T2,湖北省,购物中心,高级标准店,43.2
社区型商业,T2,湖北省,超市/大卖场,标准店,44.5
社区型商业,T2,湖南省,奥莱,标准店,45.36666666666667
社区型商业,T2,湖南省,百货,标准店,44.62
社区型商业,T2,湖南省,百货,高级标准店,46.0
社区型商业,T2,湖南省,社区-商业中心,标准店,43.519999999999996
社区型商业,T2,湖南省,购物中心,标准店,43.625
社区型商业,T2,湖南省,购物中心,高级标准店,46.1
社区型商业,T2,福建省,办公-餐饮街,标准店,40.9
社区型商业,T2,福建省,奥莱,标准店,46.65
社区型商业,T2,福建省,服务社区的商区,标准店,40.3
社区型商业,T2,福建省,百货,标准店,40.9
社区型商业,T2,福建省,社区-商业中心,标准店,43.12307692307692
社区型商业,T2,福建省,购物中心,标准店,42.815384615384616
社区型商业,T2,辽宁省,奥莱,标准店,42.0
社区型商业,T2,辽宁省,百货,标准店,43.06666666666666
社区型商业,T2,辽宁省,社区-商业中心,标准店,42.2
社区型商业,T2,辽宁省,购物中心,标准店,42.900000000000006
社区型商业,T2,辽宁省,超市/大卖场,标准店,43.95
社区型商业,T2,重庆市,商业街,标准店,43.4625
社区型商业,T2,重庆市,奥莱,标准店,43.92
社区型商业,T2,重庆市,百货,标准店,41.6
社区型商业,T2,重庆市,购物中心,标准店,43.61296296296296
社区型商业,T2,重庆市,购物中心,高级标准店,47.75
社区型商业,T2,陕西省,办公-餐饮街,标准店,45.5
社区型商业,T2,陕西省,商业街,标准店,42.2
社区型商业,T2,陕西省,奥莱,标准店,46.56666666666666
社区型商业,T2,陕西省,百货,标准店,43.21666666666667
社区型商业,T2,陕西省,社区-商业中心,标准店,42.91111111111111
社区型商业,T2,陕西省,购物中心,标准店,43.45116279069768
社区型商业,T2,陕西省,购物中心,高级标准店,44.1
社区型商业,T3,云南省,写字楼门店,标准店,48.1
社区型商业,T3,云南省,商业街,标准店,46.75
社区型商业,T3,云南省,奥莱,标准店,49.63333333333333
社区型商业,T3,云南省,购物中心,标准店,46.972
社区型商业,T3,吉林省,奥莱,标准店,48.1
社区型商业,T3,吉林省,百货,标准店,42.0
社区型商业,T3,吉林省,购物中心,标准店,43.78
社区型商业,T3,安徽省,写字楼门店,标准店,42.4
社区型商业,T3,安徽省,商业街,标准店,43.925
社区型商业,T3,安徽省,奥莱,标准店,43.300000000000004
社区型商业,T3,安徽省,百货,标准店,42.8
社区型商业,T3,安徽省,社区-商业中心,标准店,42.285714285714285
社区型商业,T3,安徽省,购物中心,标准店,42.78333333333333
社区型商业,T3,安徽省,超市/大卖场,标准店,42.9
社区型商业,T3,山东省,奥莱,标准店,41.9
社区型商业,T3,山东省,百货,标准店,45.400000000000006
社区型商业,T3,山东省,购物中心,标准店,44.438709677419354
社区型商业,T3,山东省,超市/大卖场,标准店,46.3
社区型商业,T3,山西省,商业街,标准店,48.0
社区型商业,T3,山西省,奥莱,标准店,45.3
社区型商业,T3,山西省,百货,标准店,46.150000000000006
社区型商业,T3,山西省,购物中心,标准店,46.68
社区型商业,T3,广东省,各类办公园区,标准店,44.05
社区型商业,T3,广东省,商业街,标准店,44.6
社区型商业,T3,广东省,奥莱,标准店,44.5
社区型商业,T3,广东省,服务社区的商区,标准店,42.6
社区型商业,T3,广东省,百货,标准店,42.5
社区型商业,T3,广东省,购物中心,标准店,42.111111111111114
社区型商业,T3,广东省,购物中心,高级标准店,40.05
社区型商业,T3,广东省,超市/大卖场,标准店,42.53333333333333
社区型商业,T3,广西自治区,商业街,标准店,42.0
社区型商业,T3,广西自治区,奥莱,标准店,45.3
社区型商业,T3,广西自治区,百货,标准店,41.3
社区型商业,T3,广西自治区,购物中心,标准店,40.43571428571429
社区型商业,T3,江苏省,写字楼门店,标准店,48.13333333333333
社区型商业,T3,江苏省,医院,标准店,44.5
社区型商业,T3,江苏省,旅游特色商业街,标准店,51.7
社区型商业,T3,江苏省,百货,标准店,48.1
社区型商业,T3,江苏省,社区-商业中心,标准店,46.457142857142856
社区型商业,T3,江苏省,购物中心,标准店,44.521428571428565
社区型商业,T3,江苏省,超市/大卖场,标准店,44.0
社区型商业,T3,江西省,办公-餐饮街,标准店,40.3
社区型商业,T3,江西省,奥莱,标准店,46.5
社区型商业,T3,江西省,百货,标准店,40.0
社区型商业,T3,江西省,社区-商业中心,标准店,41.7
社区型商业,T3,江西省,购物中心,标准店,43.56
社区型商业,T3,江西省,购物中心,高级标准店,45.8
社区型商业,T3,江西省,超市/大卖场,标准店,41.4
社区型商业,T3,河北省,奥莱,标准店,48.8
社区型商业,T3,河北省,百货,标准店,49.7
社区型商业,T3,河北省,社区-商业中心,标准店,44.0
社区型商业,T3,河北省,购物中心,标准店,44.90833333333333
社区型商业,T3,河南省,写字楼门店,标准店,47.1
社区型商业,T3,河南省,商业街,标准店,48.7
社区型商业,T3,河南省,奥莱,标准店,46.0
社区型商业,T3,河南省,百货,标准店,43.36666666666667
社区型商业,T3,河南省,社区-商业中心,标准店,44.525
社区型商业,T3,河南省,购物中心,标准店,43.424
社区型商业,T3,河南省,超市/大卖场,标准店,44.3
社区型商业,T3,浙江省,写字楼门店,标准店,43.833333333333336
社区型商业,T3,浙江省,办公-餐饮街,标准店,44.55
社区型商业,T3,浙江省,医院,标准店,40.3
社区型商业,T3,浙江省,商业街,标准店,46.73333333333333
社区型商业,T3,浙江省,旅游特色商业街,标准店,42.0
社区型商业,T3,浙江省,服务社区的商区,标准店,42.82
社区型商业,T3,浙江省,百货,标准店,42.24285714285714
社区型商业,T3,浙江省,社区-商业中心,标准店,43.261702127659575
社区型商业,T3,浙江省,购物中心,标准店,43.34878048780487
社区型商业,T3,浙江省,购物中心,高级标准店,42.7
社区型商业,T3,浙江省,超市/大卖场,标准店,44.6
社区型商业,T3,浙江省,餐饮/酒吧街,标准店,43.4
社区型商业,T3,甘肃省,商业街,标准店,48.3
社区型商业,T3,甘肃省,奥莱,标准店,47.75
社区型商业,T3,甘肃省,购物中心,标准店,46.225
社区型商业,T3,福建省,写字楼门店,标准店,42.166666666666664
社区型商业,T3,福建省,办公-餐饮街,标准店,42.1
社区型商业,T3,福建省,奥莱,标准店,45.0
社区型商业,T3,福建省,服务社区的商区,标准店,46.13333333333333
社区型商业,T3,福建省,百货,标准店,41.43333333333333
社区型商业,T3,福建省,社区-商业中心,标准店,43.06875
社区型商业,T3,福建省,购物中心,标准店,44.196000000000005
社区型商业,T3,福建省,超市/大卖场,标准店,41.849999999999994
社区型商业,T3,福建省,餐饮/酒吧街,标准店,43.1
社区型商业,T3,贵州省,商业街,标准店,45.5
社区型商业,T3,贵州省,奥莱,标准店,45.8
社区型商业,T3,贵州省,购物中心,标准店,44.852380952380955
社区型商业,T3,贵州省,购物中心,高级标准店,46.8
社区型商业,T3,辽宁省,商业街,标准店,46.4
社区型商业,T3,辽宁省,奥莱,标准店,44.3
社区型商业,T3,辽宁省,购物中心,标准店,45.075
社区型商业,T3,黑龙江省,奢侈品商场,标准店,42.3
社区型商业,T3,黑龙江省,百货,标准店,42.4
社区型商业,T3,黑龙江省,购物中心,标准店,46.2375
社区型商业,T4,内蒙古自治,奥莱,标准店,49.3
社区型商业,T4,内蒙古自治,购物中心,标准店,47.15
社区型商业,T4,四川省,商业街,标准店,43.4
社区型商业,T4,四川省,购物中心,标准店,43.9
社区型商业,T4,宁夏自治区,购物中心,标准店,46.2875
社区型商业,T4,安徽省,商业街,标准店,47.6
社区型商业,T4,安徽省,社区-商业中心,标准店,43.4
社区型商业,T4,安徽省,购物中心,标准店,42.666666666666664
社区型商业,T4,山东省,社区-商业中心,标准店,43.6
社区型商业,T4,山东省,购物中心,标准店,43.88333333333333
社区型商业,T4,山东省,购物中心,高级标准店,41.3
社区型商业,T4,山西省,商业街,标准店,43.0
社区型商业,T4,广东省,商业街,标准店,43.4
社区型商业,T4,广东省,百货,标准店,40.32
社区型商业,T4,广东省,购物中心,标准店,41.31666666666666
社区型商业,T4,广东省,购物中心,高级标准店,41.5
社区型商业,T4,广东省,超市/大卖场,标准店,41.6
社区型商业,T4,广西自治区,购物中心,标准店,41.1
社区型商业,T4,江苏省,商业街,标准店,48.7
社区型商业,T4,江苏省,百货,标准店,46.900000000000006
社区型商业,T4,江苏省,社区-商业中心,标准店,44.46666666666667
社区型商业,T4,江苏省,购物中心,标准店,45.890625
社区型商业,T4,江苏省,超市/大卖场,标准店,43.8
社区型商业,T4,江西省,商业街,标准店,45.4
社区型商业,T4,江西省,奥莱,标准店,46.7
社区型商业,T4,江西省,社区-商业中心,标准店,46.833333333333336
社区型商业,T4,江西省,购物中心,标准店,43.65714285714286
社区型商业,T4,河北省,商业街,标准店,49.4
社区型商业,T4,河北省,百货,标准店,40.7
社区型商业,T4,河北省,社区-商业中心,标准店,45.6
社区型商业,T4,河北省,购物中心,标准店,45.5
社区型商业,T4,河北省,超市/大卖场,标准店,44.75
社区型商业,T4,河南省,商业街,标准店,43.9
社区型商业,T4,河南省,奥莱,标准店,44.2
社区型商业,T4,河南省,百货,标准店,42.8
社区型商业,T4,河南省,购物中心,标准店,43.78333333333333
社区型商业,T4,浙江省,写字楼门店,标准店,42.4
社区型商业,T4,浙江省,医院,标准店,44.4
社区型商业,T4,浙江省,商业街,标准店,43.23333333333333
社区型商业,T4,浙江省,奥莱,标准店,49.1
社区型商业,T4,浙江省,旅游特色商业街,标准店,46.3
社区型商业,T4,浙江省,服务社区的商区,标准店,41.1
社区型商业,T4,浙江省,百货,标准店,44.4
社区型商业,T4,浙江省,社区-商业中心,标准店,42.2952380952381
社区型商业,T4,浙江省,购物中心,标准店,43.4
社区型商业,T4,海南省,办公-餐饮街,标准店,43.7
社区型商业,T4,海南省,大学,标准店,40.4
社区型商业,T4,海南省,服务社区的商区,标准店,40.9
社区型商业,T4,海南省,火车站,标准店,39.4
社区型商业,T4,海南省,社区-商业中心,标准店,40.6
社区型商业,T4,海南省,购物中心,标准店,42.80625
社区型商业,T4,海南省,购物中心,高级标准店,42.3
社区型商业,T4,湖北省,社区-商业中心,标准店,44.9
社区型商业,T4,湖北省,购物中心,标准店,44.36
社区型商业,T4,湖南省,百货,标准店,47.6
社区型商业,T4,湖南省,购物中心,标准店,43.68571428571429
社区型商业,T4,福建省,社区-商业中心,标准店,43.075
社区型商业,T4,福建省,购物中心,标准店,42.68571428571429
社区型商业,T4,贵州省,购物中心,标准店,42.76666666666667
社区型商业,T4,陕西省,购物中心,标准店,45.1
社区型商业,T5,云南省,百货,标准店,45.2
社区型商业,T5,云南省,购物中心,标准店,46.41428571428571
社区型商业,T5,内蒙古自治,百货,标准店,48.2
社区型商业,T5,内蒙古自治,购物中心,标准店,46.73636363636364
社区型商业,T5,吉林省,百货,标准店,43.3
社区型商业,T5,吉林省,购物中心,标准店,43.23333333333333
社区型商业,T5,四川省,奥莱,标准店,42.4
社区型商业,T5,四川省,服务社区的商区,标准店,42.5
社区型商业,T5,四川省,百货,标准店,40.8
社区型商业,T5,四川省,购物中心,标准店,43.02820512820512
社区型商业,T5,安徽省,社区-商业中心,标准店,42.6
社区型商业,T5,安徽省,购物中心,标准店,45.15
社区型商业,T5,山东省,购物中心,标准店,43.875
社区型商业,T5,山西省,奥莱,标准店,44.6
社区型商业,T5,山西省,百货,标准店,45.5
社区型商业,T5,山西省,社区-商业中心,标准店,49.3
社区型商业,T5,山西省,购物中心,标准店,46.5
社区型商业,T5,广东省,百货,标准店,41.3
社区型商业,T5,广东省,购物中心,标准店,41.310526315789474
社区型商业,T5,广东省,购物中心,高级标准店,41.3
社区型商业,T5,广东省,超市/大卖场,标准店,40.96666666666667
社区型商业,T5,广西自治区,购物中心,标准店,42.28666666666666
社区型商业,T5,广西自治区,超市/大卖场,标准店,39.2
社区型商业,T5,江西省,购物中心,标准店,44.3
社区型商业,T5,河北省,百货,标准店,45.3
社区型商业,T5,河北省,购物中心,标准店,45.96666666666667
社区型商业,T5,河南省,百货,标准店,41.2
社区型商业,T5,河南省,购物中心,标准店,43.6
社区型商业,T5,浙江省,商业街,标准店,43.5
社区型商业,T5,浙江省,旅游特色商业街,标准店,41.4
社区型商业,T5,浙江省,服务社区的商区,标准店,41.7
社区型商业,T5,浙江省,百货,标准店,44.13333333333333
社区型商业,T5,浙江省,社区-商业中心,标准店,42.65
社区型商业,T5,浙江省,购物中心,标准店,43.416666666666664
社区型商业,T5,湖北省,购物中心,标准店,44.05384615384616
社区型商业,T5,湖北省,超市/大卖场,标准店,43.8
社区型商业,T5,湖南省,购物中心,标准店,44.5125
社区型商业,T5,甘肃省,购物中心,标准店,50.7
社区型商业,T5,福建省,社区-商业中心,标准店,42.875
社区型商业,T5,福建省,街铺,标准店,47.0
社区型商业,T5,福建省,购物中心,标准店,42.15
社区型商业,T5,贵州省,百货,标准店,45.7
社区型商业,T5,贵州省,购物中心,标准店,46.5
社区型商业,T5,辽宁省,百货,标准店,43.2
社区型商业,T5,辽宁省,购物中心,标准店,44.08571428571429
社区型商业,T5,陕西省,购物中心,标准店,45.760000000000005
社区型商业,T5,青海省,购物中心,标准店,49.36666666666667
社区型商业,T5,黑龙江省,百货,标准店,41.8
社区型商业,T5,黑龙江省,购物中心,标准店,43.6
